seed,condition,week,day,day_of_year,season,place,alive,battery_pct,tank_pct,food_pct,greywater_pct,energy,water,greywater,food_kg,stock_kg,crops_held,beds_growing,beds_empty,allotment_kg,days_without_water,days_without_food
0,baseline,0,0,0,spring,1,True,55.0,48.1,49.5,65.4,164.91,9627.01,327,99.0,,2,14,0,0,0,0
0,baseline,0,0,0,spring,2,True,58.0,48.4,49.6,61.4,174.08,9688.16,307,99.26,,2,14,0,0,0,0
0,baseline,0,0,0,spring,shop,,54.6,51.7,,,163.86,10333,,,250.0,2,,,,,
0,baseline,0,1,1,spring,1,True,59.9,46.1,49.0,80.8,179.82,9227.35,404,98.0,,2,14,0,0,0,0
0,baseline,0,1,1,spring,2,True,66.1,46.7,49.3,72.8,198.16,9349.65,364,98.52,,2,14,0,0,0,0
0,baseline,0,1,1,spring,shop,,59.2,53.3,,,177.71,10666,,,250.0,2,,,,,
0,baseline,0,2,2,spring,1,True,64.9,44.0,48.5,96.2,194.73,8801.03,481,97.0,,2,14,0,0,0,0
0,baseline,0,2,2,spring,2,True,74.1,44.9,48.9,84.2,222.24,8984.48,421,97.78,,2,14,0,0,0,0
0,baseline,0,2,2,spring,shop,,63.9,55.0,,,191.57,10999,,,250.0,2,,,,,
0,baseline,0,3,3,spring,1,True,69.9,41.7,48.0,100.0,209.64,8348.04,500,96.0,,2,14,0,0,0,0
0,baseline,0,3,3,spring,2,True,82.1,43.0,48.5,95.6,246.32,8592.64,478,97.04,,2,14,0,0,0,0
0,baseline,0,3,3,spring,shop,,68.5,56.7,,,205.43,11332,,,250.0,2,,,,,
0,baseline,0,4,4,spring,1,True,74.9,39.3,47.5,100.0,224.55,7868.38,500,95.0,,2,14,0,0,0,0
0,baseline,0,4,4,spring,2,True,90.1,40.9,48.1,100.0,270.4,8174.13,500,96.3,,2,14,0,0,0,0
0,baseline,0,4,4,spring,shop,,73.1,58.3,,,219.29,11665,,,250.0,2,,,,,
0,baseline,0,5,5,spring,1,True,79.8,36.8,47.0,100.0,239.46,7362.06,500,94.0,,2,14,0,0,0,0
0,baseline,0,5,5,spring,2,True,90.7,38.6,47.8,100.0,272.08,7728.96,500,95.56,,2,14,0,0,0,0
0,baseline,0,5,5,spring,shop,,77.7,60.0,,,233.14,11998,,,250.0,2,,,,,
0,baseline,0,6,6,spring,1,True,84.8,34.1,46.5,100.0,254.37,6829.07,500,93.0,,2,14,0,0,0,0
0,baseline,0,6,6,spring,2,True,90.7,36.3,47.4,100.0,272.08,7257.12,500,94.82,,2,14,0,0,0,0
0,baseline,0,6,6,spring,shop,,82.3,61.7,,,247.0,12331,,,250.0,2,,,,,
0,baseline,1,0,7,spring,1,True,88.3,31.4,46.0,100.0,264.78,6281.88,500,92.05,,2,14,0,0,0,0
0,baseline,1,0,7,spring,2,True,91.4,37.3,47.1,100.0,274.25,7456.75,500,94.15,,2,14,0,0,0,0
0,baseline,1,0,7,spring,shop,,95.6,61.7,,,286.86,12331,,,250.0,2,,,,,
0,baseline,1,1,8,spring,1,True,88.3,28.5,45.5,100.0,264.78,5708.03,500,91.1,,2,14,0,0,0,0
0,baseline,1,1,8,spring,2,True,91.4,38.3,46.7,100.0,274.25,7656.38,500,93.48,,2,14,0,0,0,0
0,baseline,1,1,8,spring,shop,,97.6,61.7,,,292.86,12331,,,250.0,2,,,,,
0,baseline,1,2,9,spring,1,True,88.3,25.5,45.1,100.0,264.78,5107.51,500,90.15,,2,14,0,0,0,0
0,baseline,1,2,9,spring,2,True,91.4,39.3,46.4,100.0,274.25,7856.01,500,92.81,,2,14,0,0,0,0
0,baseline,1,2,9,spring,shop,,97.6,61.7,,,292.86,12331,,,250.0,2,,,,,
0,baseline,1,3,10,spring,1,True,88.3,22.4,44.6,100.0,264.78,4480.32,500,89.2,,2,14,0,0,0,0
0,baseline,1,3,10,spring,2,True,91.4,40.3,46.1,100.0,274.25,8055.64,500,92.14,,2,14,0,0,0,0
0,baseline,1,3,10,spring,shop,,97.6,61.7,,,292.86,12331,,,250.0,2,,,,,
0,baseline,1,4,11,spring,1,True,88.3,19.1,44.1,100.0,264.78,3826.47,500,88.25,,2,14,0,0,0,0
0,baseline,1,4,11,spring,2,True,91.4,41.3,45.7,100.0,274.25,8255.27,500,91.47,,2,14,0,0,0,0
0,baseline,1,4,11,spring,shop,,97.6,61.7,,,292.86,12331,,,250.0,2,,,,,
0,baseline,1,5,12,spring,1,True,88.3,15.7,43.6,100.0,264.78,3145.95,500,87.3,,2,14,0,0,0,0
0,baseline,1,5,12,spring,2,True,91.4,42.3,45.4,100.0,274.25,8454.9,500,90.8,,2,14,0,0,0,0
0,baseline,1,5,12,spring,shop,,97.6,61.7,,,292.86,12331,,,250.0,2,,,,,
0,baseline,1,6,13,spring,1,True,88.3,12.2,43.2,100.0,264.78,2438.76,500,86.35,,2,14,0,0,0,0
0,baseline,1,6,13,spring,2,True,91.4,43.3,45.1,100.0,274.25,8654.53,500,90.13,,2,14,0,0,0,0
0,baseline,1,6,13,spring,shop,,97.6,61.7,,,292.86,12331,,,250.0,2,,,,,
0,baseline,2,0,14,spring,1,True,88.7,8.8,42.8,100.0,266.07,1754.98,500,85.62,,2,14,0,0,0,0
0,baseline,2,0,14,spring,2,True,91.5,39.9,44.7,100.0,274.43,7984.97,500,89.46,,2,14,0,0,0,0
0,baseline,2,0,14,spring,shop,,97.6,72.6,,,292.86,14521,,,250.0,2,,,,,
0,baseline,2,1,15,spring,1,True,89.1,5.2,42.4,100.0,267.36,1044.53,500,84.89,,2,14,0,0,0,0
0,baseline,2,1,15,spring,2,True,91.5,36.4,44.4,100.0,274.43,7288.74,500,88.79,,2,14,0,0,0,0
0,baseline,2,1,15,spring,shop,,97.6,83.6,,,292.86,16711,,,250.0,2,,,,,
0,baseline,2,2,16,spring,1,True,89.6,1.5,42.1,100.0,268.65,307.41,500,84.16,,2,14,0,0,0,0
0,baseline,2,2,16,spring,2,True,91.5,32.8,44.1,100.0,274.43,6565.84,500,88.12,,2,14,0,0,0,0
0,baseline,2,2,16,spring,shop,,97.6,94.5,,,292.86,18901,,,250.0,2,,,,,
0,baseline,2,3,17,spring,1,True,90.0,0.0,41.7,100.0,269.94,0.0,500,83.43,,2,14,0,0,0,0
0,baseline,2,3,17,spring,2,True,91.5,29.1,43.7,100.0,274.43,5816.28,500,87.45,,2,14,0,0,0,0
0,baseline,2,3,17,spring,shop,,97.6,100.0,,,292.86,20000,,,250.0,2,,,,,
0,baseline,2,4,18,spring,1,True,90.4,0.0,41.4,100.0,271.23,0.0,500,82.7,,2,14,0,0,1,0
0,baseline,2,4,18,spring,2,True,91.5,25.2,43.4,100.0,274.43,5040.05,500,86.78,,2,14,0,0,0,0
0,baseline,2,4,18,spring,shop,,97.6,100.0,,,292.86,20000,,,250.0,2,,,,,
0,baseline,2,5,19,spring,1,True,90.8,0.0,41.0,100.0,272.29,0.0,500,81.97,,2,14,0,0,2,0
0,baseline,2,5,19,spring,2,True,91.5,21.2,43.1,100.0,274.43,4237.15,500,86.11,,2,14,0,0,0,0
0,baseline,2,5,19,spring,shop,,97.6,100.0,,,292.86,20000,,,250.0,2,,,,,
0,baseline,2,6,20,spring,1,False,90.8,0.0,40.6,100.0,272.29,0.0,500,81.24,,2,14,0,0,3,0
0,baseline,2,6,20,spring,2,True,91.5,17.0,42.7,100.0,274.43,3407.59,500,85.44,,2,0,14,140,0,0
0,baseline,2,6,20,spring,shop,,97.6,100.0,,,292.86,20000,,,250.0,2,,,,,
0,baseline,3,0,21,spring,1,False,90.8,0.0,40.6,100.0,272.29,0.0,500,81.24,,2,14,0,0,3,0
0,baseline,3,0,21,spring,2,True,88.1,15.9,0.0,100.0,264.41,3184.56,500,0,,0,0,14,140,0,0
0,baseline,3,0,21,spring,shop,,97.6,100.0,,,292.86,20000,,,0,0,,,,,
0,baseline,3,1,22,spring,1,False,90.8,0.0,40.6,100.0,272.29,0.0,500,81.24,,2,14,0,0,3,0
0,baseline,3,1,22,spring,2,True,88.1,14.8,0.0,100.0,264.41,2961.53,500,0,,0,0,14,140,0,1
0,baseline,3,1,22,spring,shop,,97.6,100.0,,,292.86,20000,,,0,0,,,,,
0,baseline,3,2,23,spring,1,False,90.8,0.0,40.6,100.0,272.29,0.0,500,81.24,,2,14,0,0,3,0
0,baseline,3,2,23,spring,2,True,88.1,13.7,0.0,100.0,264.41,2738.5,500,0,,0,0,14,140,0,2
0,baseline,3,2,23,spring,shop,,97.6,100.0,,,292.86,20000,,,0,0,,,,,
0,baseline,3,3,24,spring,1,False,90.8,0.0,40.6,100.0,272.29,0.0,500,81.24,,2,14,0,0,3,0
0,baseline,3,3,24,spring,2,True,88.1,12.6,0.0,100.0,264.41,2515.47,500,0,,0,0,14,140,0,3
0,baseline,3,3,24,spring,shop,,97.6,100.0,,,292.86,20000,,,0,0,,,,,
0,baseline,3,4,25,spring,1,False,90.8,0.0,40.6,100.0,272.29,0.0,500,81.24,,2,14,0,0,3,0
0,baseline,3,4,25,spring,2,True,88.1,11.5,0.0,100.0,264.41,2292.44,500,0,,0,0,14,140,0,4
0,baseline,3,4,25,spring,shop,,97.6,100.0,,,292.86,20000,,,0,0,,,,,
0,baseline,3,5,26,spring,1,False,90.8,0.0,40.6,100.0,272.29,0.0,500,81.24,,2,14,0,0,3,0
0,baseline,3,5,26,spring,2,True,88.1,10.3,0.0,100.0,264.41,2069.41,500,0,,0,0,14,140,0,5
0,baseline,3,5,26,spring,shop,,97.6,100.0,,,292.86,20000,,,0,0,,,,,
0,baseline,3,6,27,spring,1,False,90.8,0.0,40.6,100.0,272.29,0.0,500,81.24,,2,14,0,0,3,0
0,baseline,3,6,27,spring,2,True,88.1,9.2,0.0,100.0,264.41,1846.38,500,0,,0,0,14,140,0,6
0,baseline,3,6,27,spring,shop,,97.6,100.0,,,292.86,20000,,,0,0,,,,,
0,baseline,4,0,28,spring,1,False,90.8,0.0,40.6,100.0,272.29,0.0,500,81.24,,2,14,0,0,3,0
0,baseline,4,0,28,spring,2,True,81.3,8.0,0.0,100.0,243.8,1596.58,500,0,,0,0,14,140,0,7
0,baseline,4,0,28,spring,shop,,97.6,100.0,,,292.86,20000,,,0,0,,,,,
0,baseline,4,1,29,spring,1,False,90.8,0.0,40.6,100.0,272.29,0.0,500,81.24,,2,14,0,0,3,0
0,baseline,4,1,29,spring,2,True,74.4,6.7,0.0,100.0,223.19,1346.78,500,0,,0,0,14,140,0,8
0,baseline,4,1,29,spring,shop,,97.6,100.0,,,292.86,20000,,,0,0,,,,,
0,baseline,4,2,30,spring,1,False,90.8,0.0,40.6,100.0,272.29,0.0,500,81.24,,2,14,0,0,3,0
0,baseline,4,2,30,spring,2,True,67.5,5.5,0.0,100.0,202.58,1096.98,500,0,,0,0,14,140,0,9
0,baseline,4,2,30,spring,shop,,97.6,100.0,,,292.86,20000,,,0,0,,,,,
0,baseline,4,3,31,spring,1,False,90.8,0.0,40.6,100.0,272.29,0.0,500,81.24,,2,14,0,0,3,0
0,baseline,4,3,31,spring,2,True,60.7,4.2,0.0,100.0,181.97,847.18,500,0,,0,0,14,140,0,10
0,baseline,4,3,31,spring,shop,,97.6,100.0,,,292.86,20000,,,0,0,,,,,
0,baseline,4,4,32,spring,1,False,90.8,0.0,40.6,100.0,272.29,0.0,500,81.24,,2,14,0,0,3,0
0,baseline,4,4,32,spring,2,True,53.8,3.0,0.0,100.0,161.36,597.38,500,0,,0,0,14,140,0,11
0,baseline,4,4,32,spring,shop,,97.6,100.0,,,292.86,20000,,,0,0,,,,,
0,baseline,4,5,33,spring,1,False,90.8,0.0,40.6,100.0,272.29,0.0,500,81.24,,2,14,0,0,3,0
0,baseline,4,5,33,spring,2,True,46.9,1.7,0.0,100.0,140.75,347.58,500,0,,0,0,14,140,0,12
0,baseline,4,5,33,spring,shop,,97.6,100.0,,,292.86,20000,,,0,0,,,,,
0,baseline,4,6,34,spring,1,False,90.8,0.0,40.6,100.0,272.29,0.0,500,81.24,,2,14,0,0,3,0
0,baseline,4,6,34,spring,2,True,40.0,0.5,0.0,100.0,120.14,97.78,500,0,,0,0,14,140,0,13
0,baseline,4,6,34,spring,shop,,97.6,100.0,,,292.86,20000,,,0,0,,,,,
0,baseline,5,0,35,spring,1,False,90.8,0.0,40.6,100.0,272.29,0.0,500,81.24,,2,14,0,0,3,0
0,baseline,5,0,35,spring,2,True,46.7,0.0,0.0,100.0,140.13,0.0,500,0,,0,0,14,140,1,14
0,baseline,5,0,35,spring,shop,,97.6,100.0,,,292.86,20000,,,0,0,,,,,
0,baseline,5,1,36,spring,1,False,90.8,0.0,40.6,100.0,272.29,0.0,500,81.24,,2,14,0,0,3,0
0,baseline,5,1,36,spring,2,True,53.4,0.0,0.0,100.0,160.12,0.0,500,0,,0,0,14,140,2,15
0,baseline,5,1,36,spring,shop,,97.6,100.0,,,292.86,20000,,,0,0,,,,,
0,baseline,5,2,37,spring,1,False,90.8,0.0,40.6,100.0,272.29,0.0,500,81.24,,2,14,0,0,3,0
0,baseline,5,2,37,spring,2,False,60.0,0.0,0.0,100.0,180.11,0.0,500,0,,0,0,14,140,3,16
0,baseline,5,2,37,spring,shop,,97.6,100.0,,,292.86,20000,,,0,0,,,,,
0,baseline,5,3,38,spring,1,False,90.8,0.0,40.6,100.0,272.29,0.0,500,81.24,,2,14,0,0,3,0
0,baseline,5,3,38,spring,2,False,60.0,0.0,0.0,100.0,180.11,0.0,500,0,,0,0,14,140,3,16
0,baseline,5,3,38,spring,shop,,97.6,100.0,,,292.86,20000,,,0,0,,,,,
0,baseline,5,4,39,spring,1,False,90.8,0.0,40.6,100.0,272.29,0.0,500,81.24,,2,14,0,0,3,0
0,baseline,5,4,39,spring,2,False,60.0,0.0,0.0,100.0,180.11,0.0,500,0,,0,0,14,140,3,16
0,baseline,5,4,39,spring,shop,,97.6,100.0,,,292.86,20000,,,0,0,,,,,
0,baseline,5,5,40,spring,1,False,90.8,0.0,40.6,100.0,272.29,0.0,500,81.24,,2,14,0,0,3,0
0,baseline,5,5,40,spring,2,False,60.0,0.0,0.0,100.0,180.11,0.0,500,0,,0,0,14,140,3,16
0,baseline,5,5,40,spring,shop,,97.6,100.0,,,292.86,20000,,,0,0,,,,,
0,baseline,5,6,41,spring,1,False,90.8,0.0,40.6,100.0,272.29,0.0,500,81.24,,2,14,0,0,3,0
0,baseline,5,6,41,spring,2,False,60.0,0.0,0.0,100.0,180.11,0.0,500,0,,0,0,14,140,3,16
0,baseline,5,6,41,spring,shop,,97.6,100.0,,,292.86,20000,,,0,0,,,,,
0,baseline,6,0,42,spring,1,False,90.8,0.0,40.6,100.0,272.29,0.0,500,81.24,,2,14,0,0,3,0
0,baseline,6,0,42,spring,2,False,60.0,0.0,0.0,100.0,180.11,0.0,500,0,,0,0,14,140,3,16
0,baseline,6,0,42,spring,shop,,97.6,100.0,,,292.86,20000,,,0,0,,,,,
0,baseline,6,1,43,spring,1,False,90.8,0.0,40.6,100.0,272.29,0.0,500,81.24,,2,14,0,0,3,0
0,baseline,6,1,43,spring,2,False,60.0,0.0,0.0,100.0,180.11,0.0,500,0,,0,0,14,140,3,16
0,baseline,6,1,43,spring,shop,,97.6,100.0,,,292.86,20000,,,0,0,,,,,
0,baseline,6,2,44,spring,1,False,90.8,0.0,40.6,100.0,272.29,0.0,500,81.24,,2,14,0,0,3,0
0,baseline,6,2,44,spring,2,False,60.0,0.0,0.0,100.0,180.11,0.0,500,0,,0,0,14,140,3,16
0,baseline,6,2,44,spring,shop,,97.6,100.0,,,292.86,20000,,,0,0,,,,,
0,baseline,6,3,45,spring,1,False,90.8,0.0,40.6,100.0,272.29,0.0,500,81.24,,2,14,0,0,3,0
0,baseline,6,3,45,spring,2,False,60.0,0.0,0.0,100.0,180.11,0.0,500,0,,0,0,14,140,3,16
0,baseline,6,3,45,spring,shop,,97.6,100.0,,,292.86,20000,,,0,0,,,,,
0,baseline,6,4,46,spring,1,False,90.8,0.0,40.6,100.0,272.29,0.0,500,81.24,,2,14,0,0,3,0
0,baseline,6,4,46,spring,2,False,60.0,0.0,0.0,100.0,180.11,0.0,500,0,,0,0,14,140,3,16
0,baseline,6,4,46,spring,shop,,97.6,100.0,,,292.86,20000,,,0,0,,,,,
0,baseline,6,5,47,spring,1,False,90.8,0.0,40.6,100.0,272.29,0.0,500,81.24,,2,14,0,0,3,0
0,baseline,6,5,47,spring,2,False,60.0,0.0,0.0,100.0,180.11,0.0,500,0,,0,0,14,140,3,16
0,baseline,6,5,47,spring,shop,,97.6,100.0,,,292.86,20000,,,0,0,,,,,
0,baseline,6,6,48,spring,1,False,90.8,0.0,40.6,100.0,272.29,0.0,500,81.24,,2,14,0,0,3,0
0,baseline,6,6,48,spring,2,False,60.0,0.0,0.0,100.0,180.11,0.0,500,0,,0,0,14,140,3,16
0,baseline,6,6,48,spring,shop,,97.6,100.0,,,292.86,20000,,,0,0,,,,,
0,baseline,7,0,49,spring,1,False,90.8,0.0,40.6,100.0,272.29,0.0,500,81.24,,2,14,0,0,3,0
0,baseline,7,0,49,spring,2,False,60.0,0.0,0.0,100.0,180.11,0.0,500,0,,0,0,14,140,3,16
0,baseline,7,0,49,spring,shop,,97.6,100.0,,,292.86,20000,,,0,0,,,,,
0,baseline,7,1,50,spring,1,False,90.8,0.0,40.6,100.0,272.29,0.0,500,81.24,,2,14,0,0,3,0
0,baseline,7,1,50,spring,2,False,60.0,0.0,0.0,100.0,180.11,0.0,500,0,,0,0,14,140,3,16
0,baseline,7,1,50,spring,shop,,97.6,100.0,,,292.86,20000,,,0,0,,,,,
0,baseline,7,2,51,spring,1,False,90.8,0.0,40.6,100.0,272.29,0.0,500,81.24,,2,14,0,0,3,0
0,baseline,7,2,51,spring,2,False,60.0,0.0,0.0,100.0,180.11,0.0,500,0,,0,0,14,140,3,16
0,baseline,7,2,51,spring,shop,,97.6,100.0,,,292.86,20000,,,0,0,,,,,
0,baseline,7,3,52,spring,1,False,90.8,0.0,40.6,100.0,272.29,0.0,500,81.24,,2,14,0,0,3,0
0,baseline,7,3,52,spring,2,False,60.0,0.0,0.0,100.0,180.11,0.0,500,0,,0,0,14,140,3,16
0,baseline,7,3,52,spring,shop,,97.6,100.0,,,292.86,20000,,,0,0,,,,,
0,baseline,7,4,53,spring,1,False,90.8,0.0,40.6,100.0,272.29,0.0,500,81.24,,2,14,0,0,3,0
0,baseline,7,4,53,spring,2,False,60.0,0.0,0.0,100.0,180.11,0.0,500,0,,0,0,14,140,3,16
0,baseline,7,4,53,spring,shop,,97.6,100.0,,,292.86,20000,,,0,0,,,,,
0,baseline,7,5,54,spring,1,False,90.8,0.0,40.6,100.0,272.29,0.0,500,81.24,,2,14,0,0,3,0
0,baseline,7,5,54,spring,2,False,60.0,0.0,0.0,100.0,180.11,0.0,500,0,,0,0,14,140,3,16
0,baseline,7,5,54,spring,shop,,97.6,100.0,,,292.86,20000,,,0,0,,,,,
0,baseline,7,6,55,spring,1,False,90.8,0.0,40.6,100.0,272.29,0.0,500,81.24,,2,14,0,0,3,0
0,baseline,7,6,55,spring,2,False,60.0,0.0,0.0,100.0,180.11,0.0,500,0,,0,0,14,140,3,16
0,baseline,7,6,55,spring,shop,,97.6,100.0,,,292.86,20000,,,0,0,,,,,
0,baseline,8,0,56,spring,1,False,90.8,0.0,40.6,100.0,272.29,0.0,500,81.24,,2,14,0,0,3,0
0,baseline,8,0,56,spring,2,False,60.0,0.0,0.0,100.0,180.11,0.0,500,0,,0,0,14,140,3,16
0,baseline,8,0,56,spring,shop,,97.6,100.0,,,292.86,20000,,,0,0,,,,,
0,baseline,8,1,57,spring,1,False,90.8,0.0,40.6,100.0,272.29,0.0,500,81.24,,2,14,0,0,3,0
0,baseline,8,1,57,spring,2,False,60.0,0.0,0.0,100.0,180.11,0.0,500,0,,0,0,14,140,3,16
0,baseline,8,1,57,spring,shop,,97.6,100.0,,,292.86,20000,,,0,0,,,,,
0,baseline,8,2,58,spring,1,False,90.8,0.0,40.6,100.0,272.29,0.0,500,81.24,,2,14,0,0,3,0
0,baseline,8,2,58,spring,2,False,60.0,0.0,0.0,100.0,180.11,0.0,500,0,,0,0,14,140,3,16
0,baseline,8,2,58,spring,shop,,97.6,100.0,,,292.86,20000,,,0,0,,,,,
0,baseline,8,3,59,spring,1,False,90.8,0.0,40.6,100.0,272.29,0.0,500,81.24,,2,14,0,0,3,0
0,baseline,8,3,59,spring,2,False,60.0,0.0,0.0,100.0,180.11,0.0,500,0,,0,0,14,140,3,16
0,baseline,8,3,59,spring,shop,,97.6,100.0,,,292.86,20000,,,0,0,,,,,
0,baseline,8,4,60,spring,1,False,90.8,0.0,40.6,100.0,272.29,0.0,500,81.24,,2,14,0,0,3,0
0,baseline,8,4,60,spring,2,False,60.0,0.0,0.0,100.0,180.11,0.0,500,0,,0,0,14,140,3,16
0,baseline,8,4,60,spring,shop,,97.6,100.0,,,292.86,20000,,,0,0,,,,,
0,baseline,8,5,61,spring,1,False,90.8,0.0,40.6,100.0,272.29,0.0,500,81.24,,2,14,0,0,3,0
0,baseline,8,5,61,spring,2,False,60.0,0.0,0.0,100.0,180.11,0.0,500,0,,0,0,14,140,3,16
0,baseline,8,5,61,spring,shop,,97.6,100.0,,,292.86,20000,,,0,0,,,,,
0,baseline,8,6,62,spring,1,False,90.8,0.0,40.6,100.0,272.29,0.0,500,81.24,,2,14,0,0,3,0
0,baseline,8,6,62,spring,2,False,60.0,0.0,0.0,100.0,180.11,0.0,500,0,,0,0,14,140,3,16
0,baseline,8,6,62,spring,shop,,97.6,100.0,,,292.86,20000,,,0,0,,,,,
0,baseline,9,0,63,spring,1,False,90.8,0.0,40.6,100.0,272.29,0.0,500,81.24,,2,14,0,0,3,0
0,baseline,9,0,63,spring,2,False,60.0,0.0,0.0,100.0,180.11,0.0,500,0,,0,0,14,140,3,16
0,baseline,9,0,63,spring,shop,,97.6,100.0,,,292.86,20000,,,0,0,,,,,
0,baseline,9,1,64,spring,1,False,90.8,0.0,40.6,100.0,272.29,0.0,500,81.24,,2,14,0,0,3,0
0,baseline,9,1,64,spring,2,False,60.0,0.0,0.0,100.0,180.11,0.0,500,0,,0,0,14,140,3,16
0,baseline,9,1,64,spring,shop,,97.6,100.0,,,292.86,20000,,,0,0,,,,,
0,baseline,9,2,65,spring,1,False,90.8,0.0,40.6,100.0,272.29,0.0,500,81.24,,2,14,0,0,3,0
0,baseline,9,2,65,spring,2,False,60.0,0.0,0.0,100.0,180.11,0.0,500,0,,0,0,14,140,3,16
0,baseline,9,2,65,spring,shop,,97.6,100.0,,,292.86,20000,,,0,0,,,,,
0,baseline,9,3,66,spring,1,False,90.8,0.0,40.6,100.0,272.29,0.0,500,81.24,,2,14,0,0,3,0
0,baseline,9,3,66,spring,2,False,60.0,0.0,0.0,100.0,180.11,0.0,500,0,,0,0,14,140,3,16
0,baseline,9,3,66,spring,shop,,97.6,100.0,,,292.86,20000,,,0,0,,,,,
0,baseline,9,4,67,spring,1,False,90.8,0.0,40.6,100.0,272.29,0.0,500,81.24,,2,14,0,0,3,0
0,baseline,9,4,67,spring,2,False,60.0,0.0,0.0,100.0,180.11,0.0,500,0,,0,0,14,140,3,16
0,baseline,9,4,67,spring,shop,,97.6,100.0,,,292.86,20000,,,0,0,,,,,
0,baseline,9,5,68,spring,1,False,90.8,0.0,40.6,100.0,272.29,0.0,500,81.24,,2,14,0,0,3,0
0,baseline,9,5,68,spring,2,False,60.0,0.0,0.0,100.0,180.11,0.0,500,0,,0,0,14,140,3,16
0,baseline,9,5,68,spring,shop,,97.6,100.0,,,292.86,20000,,,0,0,,,,,
0,baseline,9,6,69,spring,1,False,90.8,0.0,40.6,100.0,272.29,0.0,500,81.24,,2,14,0,0,3,0
0,baseline,9,6,69,spring,2,False,60.0,0.0,0.0,100.0,180.11,0.0,500,0,,0,0,14,140,3,16
0,baseline,9,6,69,spring,shop,,97.6,100.0,,,292.86,20000,,,0,0,,,,,
0,baseline,10,0,70,spring,1,False,90.8,0.0,40.6,100.0,272.29,0.0,500,81.24,,2,14,0,0,3,0
0,baseline,10,0,70,spring,2,False,60.0,0.0,0.0,100.0,180.11,0.0,500,0,,0,0,14,140,3,16
0,baseline,10,0,70,spring,shop,,97.6,100.0,,,292.86,20000,,,0,0,,,,,
0,baseline,10,1,71,spring,1,False,90.8,0.0,40.6,100.0,272.29,0.0,500,81.24,,2,14,0,0,3,0
0,baseline,10,1,71,spring,2,False,60.0,0.0,0.0,100.0,180.11,0.0,500,0,,0,0,14,140,3,16
0,baseline,10,1,71,spring,shop,,97.6,100.0,,,292.86,20000,,,0,0,,,,,
0,baseline,10,2,72,spring,1,False,90.8,0.0,40.6,100.0,272.29,0.0,500,81.24,,2,14,0,0,3,0
0,baseline,10,2,72,spring,2,False,60.0,0.0,0.0,100.0,180.11,0.0,500,0,,0,0,14,140,3,16
0,baseline,10,2,72,spring,shop,,97.6,100.0,,,292.86,20000,,,0,0,,,,,
0,baseline,10,3,73,spring,1,False,90.8,0.0,40.6,100.0,272.29,0.0,500,81.24,,2,14,0,0,3,0
0,baseline,10,3,73,spring,2,False,60.0,0.0,0.0,100.0,180.11,0.0,500,0,,0,0,14,140,3,16
0,baseline,10,3,73,spring,shop,,97.6,100.0,,,292.86,20000,,,0,0,,,,,
0,baseline,10,4,74,spring,1,False,90.8,0.0,40.6,100.0,272.29,0.0,500,81.24,,2,14,0,0,3,0
0,baseline,10,4,74,spring,2,False,60.0,0.0,0.0,100.0,180.11,0.0,500,0,,0,0,14,140,3,16
0,baseline,10,4,74,spring,shop,,97.6,100.0,,,292.86,20000,,,0,0,,,,,
0,baseline,10,5,75,spring,1,False,90.8,0.0,40.6,100.0,272.29,0.0,500,81.24,,2,14,0,0,3,0
0,baseline,10,5,75,spring,2,False,60.0,0.0,0.0,100.0,180.11,0.0,500,0,,0,0,14,140,3,16
0,baseline,10,5,75,spring,shop,,97.6,100.0,,,292.86,20000,,,0,0,,,,,
0,baseline,10,6,76,spring,1,False,90.8,0.0,40.6,100.0,272.29,0.0,500,81.24,,2,14,0,0,3,0
0,baseline,10,6,76,spring,2,False,60.0,0.0,0.0,100.0,180.11,0.0,500,0,,0,0,14,140,3,16
0,baseline,10,6,76,spring,shop,,97.6,100.0,,,292.86,20000,,,0,0,,,,,
0,baseline,11,0,77,spring,1,False,90.8,0.0,40.6,100.0,272.29,0.0,500,81.24,,2,14,0,0,3,0
0,baseline,11,0,77,spring,2,False,60.0,0.0,0.0,100.0,180.11,0.0,500,0,,0,0,14,140,3,16
0,baseline,11,0,77,spring,shop,,97.6,100.0,,,292.86,20000,,,0,0,,,,,
0,baseline,11,1,78,spring,1,False,90.8,0.0,40.6,100.0,272.29,0.0,500,81.24,,2,14,0,0,3,0
0,baseline,11,1,78,spring,2,False,60.0,0.0,0.0,100.0,180.11,0.0,500,0,,0,0,14,140,3,16
0,baseline,11,1,78,spring,shop,,97.6,100.0,,,292.86,20000,,,0,0,,,,,
0,baseline,11,2,79,spring,1,False,90.8,0.0,40.6,100.0,272.29,0.0,500,81.24,,2,14,0,0,3,0
0,baseline,11,2,79,spring,2,False,60.0,0.0,0.0,100.0,180.11,0.0,500,0,,0,0,14,140,3,16
0,baseline,11,2,79,spring,shop,,97.6,100.0,,,292.86,20000,,,0,0,,,,,
0,baseline,11,3,80,spring,1,False,90.8,0.0,40.6,100.0,272.29,0.0,500,81.24,,2,14,0,0,3,0
0,baseline,11,3,80,spring,2,False,60.0,0.0,0.0,100.0,180.11,0.0,500,0,,0,0,14,140,3,16
0,baseline,11,3,80,spring,shop,,97.6,100.0,,,292.86,20000,,,0,0,,,,,
0,baseline,11,4,81,spring,1,False,90.8,0.0,40.6,100.0,272.29,0.0,500,81.24,,2,14,0,0,3,0
0,baseline,11,4,81,spring,2,False,60.0,0.0,0.0,100.0,180.11,0.0,500,0,,0,0,14,140,3,16
0,baseline,11,4,81,spring,shop,,97.6,100.0,,,292.86,20000,,,0,0,,,,,
0,baseline,11,5,82,spring,1,False,90.8,0.0,40.6,100.0,272.29,0.0,500,81.24,,2,14,0,0,3,0
0,baseline,11,5,82,spring,2,False,60.0,0.0,0.0,100.0,180.11,0.0,500,0,,0,0,14,140,3,16
0,baseline,11,5,82,spring,shop,,97.6,100.0,,,292.86,20000,,,0,0,,,,,
0,baseline,11,6,83,spring,1,False,90.8,0.0,40.6,100.0,272.29,0.0,500,81.24,,2,14,0,0,3,0
0,baseline,11,6,83,spring,2,False,60.0,0.0,0.0,100.0,180.11,0.0,500,0,,0,0,14,140,3,16
0,baseline,11,6,83,spring,shop,,97.6,100.0,,,292.86,20000,,,0,0,,,,,
0,baseline,12,0,84,summer,1,False,90.8,0.0,40.6,100.0,272.29,0.0,500,81.24,,2,14,0,0,3,0
0,baseline,12,0,84,summer,2,False,60.0,0.0,0.0,100.0,180.11,0.0,500,0,,0,0,14,140,3,16
0,baseline,12,0,84,summer,shop,,97.6,100.0,,,292.86,20000,,,0,0,,,,,
0,baseline,12,1,85,summer,1,False,90.8,0.0,40.6,100.0,272.29,0.0,500,81.24,,2,14,0,0,3,0
0,baseline,12,1,85,summer,2,False,60.0,0.0,0.0,100.0,180.11,0.0,500,0,,0,0,14,140,3,16
0,baseline,12,1,85,summer,shop,,97.6,100.0,,,292.86,20000,,,0,0,,,,,
0,baseline,12,2,86,summer,1,False,90.8,0.0,40.6,100.0,272.29,0.0,500,81.24,,2,14,0,0,3,0
0,baseline,12,2,86,summer,2,False,60.0,0.0,0.0,100.0,180.11,0.0,500,0,,0,0,14,140,3,16
0,baseline,12,2,86,summer,shop,,97.6,100.0,,,292.86,20000,,,0,0,,,,,
0,baseline,12,3,87,summer,1,False,90.8,0.0,40.6,100.0,272.29,0.0,500,81.24,,2,14,0,0,3,0
0,baseline,12,3,87,summer,2,False,60.0,0.0,0.0,100.0,180.11,0.0,500,0,,0,0,14,140,3,16
0,baseline,12,3,87,summer,shop,,97.6,100.0,,,292.86,20000,,,0,0,,,,,
0,baseline,12,4,88,summer,1,False,90.8,0.0,40.6,100.0,272.29,0.0,500,81.24,,2,14,0,0,3,0
0,baseline,12,4,88,summer,2,False,60.0,0.0,0.0,100.0,180.11,0.0,500,0,,0,0,14,140,3,16
0,baseline,12,4,88,summer,shop,,97.6,100.0,,,292.86,20000,,,0,0,,,,,
0,baseline,12,5,89,summer,1,False,90.8,0.0,40.6,100.0,272.29,0.0,500,81.24,,2,14,0,0,3,0
0,baseline,12,5,89,summer,2,False,60.0,0.0,0.0,100.0,180.11,0.0,500,0,,0,0,14,140,3,16
0,baseline,12,5,89,summer,shop,,97.6,100.0,,,292.86,20000,,,0,0,,,,,
0,baseline,12,6,90,summer,1,False,90.8,0.0,40.6,100.0,272.29,0.0,500,81.24,,2,14,0,0,3,0
0,baseline,12,6,90,summer,2,False,60.0,0.0,0.0,100.0,180.11,0.0,500,0,,0,0,14,140,3,16
0,baseline,12,6,90,summer,shop,,97.6,100.0,,,292.86,20000,,,0,0,,,,,
0,baseline,13,0,91,summer,1,False,90.8,0.0,40.6,100.0,272.29,0.0,500,81.24,,2,14,0,0,3,0
0,baseline,13,0,91,summer,2,False,60.0,0.0,0.0,100.0,180.11,0.0,500,0,,0,0,14,140,3,16
0,baseline,13,0,91,summer,shop,,97.6,100.0,,,292.86,20000,,,0,0,,,,,
0,baseline,13,1,92,summer,1,False,90.8,0.0,40.6,100.0,272.29,0.0,500,81.24,,2,14,0,0,3,0
0,baseline,13,1,92,summer,2,False,60.0,0.0,0.0,100.0,180.11,0.0,500,0,,0,0,14,140,3,16
0,baseline,13,1,92,summer,shop,,97.6,100.0,,,292.86,20000,,,0,0,,,,,
0,baseline,13,2,93,summer,1,False,90.8,0.0,40.6,100.0,272.29,0.0,500,81.24,,2,14,0,0,3,0
0,baseline,13,2,93,summer,2,False,60.0,0.0,0.0,100.0,180.11,0.0,500,0,,0,0,14,140,3,16
0,baseline,13,2,93,summer,shop,,97.6,100.0,,,292.86,20000,,,0,0,,,,,
0,baseline,13,3,94,summer,1,False,90.8,0.0,40.6,100.0,272.29,0.0,500,81.24,,2,14,0,0,3,0
0,baseline,13,3,94,summer,2,False,60.0,0.0,0.0,100.0,180.11,0.0,500,0,,0,0,14,140,3,16
0,baseline,13,3,94,summer,shop,,97.6,100.0,,,292.86,20000,,,0,0,,,,,
0,baseline,13,4,95,summer,1,False,90.8,0.0,40.6,100.0,272.29,0.0,500,81.24,,2,14,0,0,3,0
0,baseline,13,4,95,summer,2,False,60.0,0.0,0.0,100.0,180.11,0.0,500,0,,0,0,14,140,3,16
0,baseline,13,4,95,summer,shop,,97.6,100.0,,,292.86,20000,,,0,0,,,,,
0,baseline,13,5,96,summer,1,False,90.8,0.0,40.6,100.0,272.29,0.0,500,81.24,,2,14,0,0,3,0
0,baseline,13,5,96,summer,2,False,60.0,0.0,0.0,100.0,180.11,0.0,500,0,,0,0,14,140,3,16
0,baseline,13,5,96,summer,shop,,97.6,100.0,,,292.86,20000,,,0,0,,,,,
0,baseline,13,6,97,summer,1,False,90.8,0.0,40.6,100.0,272.29,0.0,500,81.24,,2,14,0,0,3,0
0,baseline,13,6,97,summer,2,False,60.0,0.0,0.0,100.0,180.11,0.0,500,0,,0,0,14,140,3,16
0,baseline,13,6,97,summer,shop,,97.6,100.0,,,292.86,20000,,,0,0,,,,,
0,baseline,14,0,98,summer,1,False,90.8,0.0,40.6,100.0,272.29,0.0,500,81.24,,2,14,0,0,3,0
0,baseline,14,0,98,summer,2,False,60.0,0.0,0.0,100.0,180.11,0.0,500,0,,0,0,14,140,3,16
0,baseline,14,0,98,summer,shop,,97.6,100.0,,,292.86,20000,,,0,0,,,,,
0,baseline,14,1,99,summer,1,False,90.8,0.0,40.6,100.0,272.29,0.0,500,81.24,,2,14,0,0,3,0
0,baseline,14,1,99,summer,2,False,60.0,0.0,0.0,100.0,180.11,0.0,500,0,,0,0,14,140,3,16
0,baseline,14,1,99,summer,shop,,97.6,100.0,,,292.86,20000,,,0,0,,,,,
0,baseline,14,2,100,summer,1,False,90.8,0.0,40.6,100.0,272.29,0.0,500,81.24,,2,14,0,0,3,0
0,baseline,14,2,100,summer,2,False,60.0,0.0,0.0,100.0,180.11,0.0,500,0,,0,0,14,140,3,16
0,baseline,14,2,100,summer,shop,,97.6,100.0,,,292.86,20000,,,0,0,,,,,
0,baseline,14,3,101,summer,1,False,90.8,0.0,40.6,100.0,272.29,0.0,500,81.24,,2,14,0,0,3,0
0,baseline,14,3,101,summer,2,False,60.0,0.0,0.0,100.0,180.11,0.0,500,0,,0,0,14,140,3,16
0,baseline,14,3,101,summer,shop,,97.6,100.0,,,292.86,20000,,,0,0,,,,,
0,baseline,14,4,102,summer,1,False,90.8,0.0,40.6,100.0,272.29,0.0,500,81.24,,2,14,0,0,3,0
0,baseline,14,4,102,summer,2,False,60.0,0.0,0.0,100.0,180.11,0.0,500,0,,0,0,14,140,3,16
0,baseline,14,4,102,summer,shop,,97.6,100.0,,,292.86,20000,,,0,0,,,,,
0,baseline,14,5,103,summer,1,False,90.8,0.0,40.6,100.0,272.29,0.0,500,81.24,,2,14,0,0,3,0
0,baseline,14,5,103,summer,2,False,60.0,0.0,0.0,100.0,180.11,0.0,500,0,,0,0,14,140,3,16
0,baseline,14,5,103,summer,shop,,97.6,100.0,,,292.86,20000,,,0,0,,,,,
0,baseline,14,6,104,summer,1,False,90.8,0.0,40.6,100.0,272.29,0.0,500,81.24,,2,14,0,0,3,0
0,baseline,14,6,104,summer,2,False,60.0,0.0,0.0,100.0,180.11,0.0,500,0,,0,0,14,140,3,16
0,baseline,14,6,104,summer,shop,,97.6,100.0,,,292.86,20000,,,0,0,,,,,
0,baseline,15,0,105,summer,1,False,90.8,0.0,40.6,100.0,272.29,0.0,500,81.24,,2,14,0,0,3,0
0,baseline,15,0,105,summer,2,False,60.0,0.0,0.0,100.0,180.11,0.0,500,0,,0,0,14,140,3,16
0,baseline,15,0,105,summer,shop,,97.6,100.0,,,292.86,20000,,,0,0,,,,,
0,baseline,15,1,106,summer,1,False,90.8,0.0,40.6,100.0,272.29,0.0,500,81.24,,2,14,0,0,3,0
0,baseline,15,1,106,summer,2,False,60.0,0.0,0.0,100.0,180.11,0.0,500,0,,0,0,14,140,3,16
0,baseline,15,1,106,summer,shop,,97.6,100.0,,,292.86,20000,,,0,0,,,,,
0,baseline,15,2,107,summer,1,False,90.8,0.0,40.6,100.0,272.29,0.0,500,81.24,,2,14,0,0,3,0
0,baseline,15,2,107,summer,2,False,60.0,0.0,0.0,100.0,180.11,0.0,500,0,,0,0,14,140,3,16
0,baseline,15,2,107,summer,shop,,97.6,100.0,,,292.86,20000,,,0,0,,,,,
0,baseline,15,3,108,summer,1,False,90.8,0.0,40.6,100.0,272.29,0.0,500,81.24,,2,14,0,0,3,0
0,baseline,15,3,108,summer,2,False,60.0,0.0,0.0,100.0,180.11,0.0,500,0,,0,0,14,140,3,16
0,baseline,15,3,108,summer,shop,,97.6,100.0,,,292.86,20000,,,0,0,,,,,
0,baseline,15,4,109,summer,1,False,90.8,0.0,40.6,100.0,272.29,0.0,500,81.24,,2,14,0,0,3,0
0,baseline,15,4,109,summer,2,False,60.0,0.0,0.0,100.0,180.11,0.0,500,0,,0,0,14,140,3,16
0,baseline,15,4,109,summer,shop,,97.6,100.0,,,292.86,20000,,,0,0,,,,,
0,baseline,15,5,110,summer,1,False,90.8,0.0,40.6,100.0,272.29,0.0,500,81.24,,2,14,0,0,3,0
0,baseline,15,5,110,summer,2,False,60.0,0.0,0.0,100.0,180.11,0.0,500,0,,0,0,14,140,3,16
0,baseline,15,5,110,summer,shop,,97.6,100.0,,,292.86,20000,,,0,0,,,,,
0,baseline,15,6,111,summer,1,False,90.8,0.0,40.6,100.0,272.29,0.0,500,81.24,,2,14,0,0,3,0
0,baseline,15,6,111,summer,2,False,60.0,0.0,0.0,100.0,180.11,0.0,500,0,,0,0,14,140,3,16
0,baseline,15,6,111,summer,shop,,97.6,100.0,,,292.86,20000,,,0,0,,,,,
0,baseline,16,0,112,summer,1,False,90.8,0.0,40.6,100.0,272.29,0.0,500,81.24,,2,14,0,0,3,0
0,baseline,16,0,112,summer,2,False,60.0,0.0,0.0,100.0,180.11,0.0,500,0,,0,0,14,140,3,16
0,baseline,16,0,112,summer,shop,,97.6,100.0,,,292.86,20000,,,0,0,,,,,
0,baseline,16,1,113,summer,1,False,90.8,0.0,40.6,100.0,272.29,0.0,500,81.24,,2,14,0,0,3,0
0,baseline,16,1,113,summer,2,False,60.0,0.0,0.0,100.0,180.11,0.0,500,0,,0,0,14,140,3,16
0,baseline,16,1,113,summer,shop,,97.6,100.0,,,292.86,20000,,,0,0,,,,,
0,baseline,16,2,114,summer,1,False,90.8,0.0,40.6,100.0,272.29,0.0,500,81.24,,2,14,0,0,3,0
0,baseline,16,2,114,summer,2,False,60.0,0.0,0.0,100.0,180.11,0.0,500,0,,0,0,14,140,3,16
0,baseline,16,2,114,summer,shop,,97.6,100.0,,,292.86,20000,,,0,0,,,,,
0,baseline,16,3,115,summer,1,False,90.8,0.0,40.6,100.0,272.29,0.0,500,81.24,,2,14,0,0,3,0
0,baseline,16,3,115,summer,2,False,60.0,0.0,0.0,100.0,180.11,0.0,500,0,,0,0,14,140,3,16
0,baseline,16,3,115,summer,shop,,97.6,100.0,,,292.86,20000,,,0,0,,,,,
0,baseline,16,4,116,summer,1,False,90.8,0.0,40.6,100.0,272.29,0.0,500,81.24,,2,14,0,0,3,0
0,baseline,16,4,116,summer,2,False,60.0,0.0,0.0,100.0,180.11,0.0,500,0,,0,0,14,140,3,16
0,baseline,16,4,116,summer,shop,,97.6,100.0,,,292.86,20000,,,0,0,,,,,
0,baseline,16,5,117,summer,1,False,90.8,0.0,40.6,100.0,272.29,0.0,500,81.24,,2,14,0,0,3,0
0,baseline,16,5,117,summer,2,False,60.0,0.0,0.0,100.0,180.11,0.0,500,0,,0,0,14,140,3,16
0,baseline,16,5,117,summer,shop,,97.6,100.0,,,292.86,20000,,,0,0,,,,,
0,baseline,16,6,118,summer,1,False,90.8,0.0,40.6,100.0,272.29,0.0,500,81.24,,2,14,0,0,3,0
0,baseline,16,6,118,summer,2,False,60.0,0.0,0.0,100.0,180.11,0.0,500,0,,0,0,14,140,3,16
0,baseline,16,6,118,summer,shop,,97.6,100.0,,,292.86,20000,,,0,0,,,,,
0,baseline,17,0,119,summer,1,False,90.8,0.0,40.6,100.0,272.29,0.0,500,81.24,,2,14,0,0,3,0
0,baseline,17,0,119,summer,2,False,60.0,0.0,0.0,100.0,180.11,0.0,500,0,,0,0,14,140,3,16
0,baseline,17,0,119,summer,shop,,97.6,100.0,,,292.86,20000,,,0,0,,,,,
0,baseline,17,1,120,summer,1,False,90.8,0.0,40.6,100.0,272.29,0.0,500,81.24,,2,14,0,0,3,0
0,baseline,17,1,120,summer,2,False,60.0,0.0,0.0,100.0,180.11,0.0,500,0,,0,0,14,140,3,16
0,baseline,17,1,120,summer,shop,,97.6,100.0,,,292.86,20000,,,0,0,,,,,
0,baseline,17,2,121,summer,1,False,90.8,0.0,40.6,100.0,272.29,0.0,500,81.24,,2,14,0,0,3,0
0,baseline,17,2,121,summer,2,False,60.0,0.0,0.0,100.0,180.11,0.0,500,0,,0,0,14,140,3,16
0,baseline,17,2,121,summer,shop,,97.6,100.0,,,292.86,20000,,,0,0,,,,,
0,baseline,17,3,122,summer,1,False,90.8,0.0,40.6,100.0,272.29,0.0,500,81.24,,2,14,0,0,3,0
0,baseline,17,3,122,summer,2,False,60.0,0.0,0.0,100.0,180.11,0.0,500,0,,0,0,14,140,3,16
0,baseline,17,3,122,summer,shop,,97.6,100.0,,,292.86,20000,,,0,0,,,,,
0,baseline,17,4,123,summer,1,False,90.8,0.0,40.6,100.0,272.29,0.0,500,81.24,,2,14,0,0,3,0
0,baseline,17,4,123,summer,2,False,60.0,0.0,0.0,100.0,180.11,0.0,500,0,,0,0,14,140,3,16
0,baseline,17,4,123,summer,shop,,97.6,100.0,,,292.86,20000,,,0,0,,,,,
0,baseline,17,5,124,summer,1,False,90.8,0.0,40.6,100.0,272.29,0.0,500,81.24,,2,14,0,0,3,0
0,baseline,17,5,124,summer,2,False,60.0,0.0,0.0,100.0,180.11,0.0,500,0,,0,0,14,140,3,16
0,baseline,17,5,124,summer,shop,,97.6,100.0,,,292.86,20000,,,0,0,,,,,
0,baseline,17,6,125,summer,1,False,90.8,0.0,40.6,100.0,272.29,0.0,500,81.24,,2,14,0,0,3,0
0,baseline,17,6,125,summer,2,False,60.0,0.0,0.0,100.0,180.11,0.0,500,0,,0,0,14,140,3,16
0,baseline,17,6,125,summer,shop,,97.6,100.0,,,292.86,20000,,,0,0,,,,,
0,baseline,18,0,126,summer,1,False,90.8,0.0,40.6,100.0,272.29,0.0,500,81.24,,2,14,0,0,3,0
0,baseline,18,0,126,summer,2,False,60.0,0.0,0.0,100.0,180.11,0.0,500,0,,0,0,14,140,3,16
0,baseline,18,0,126,summer,shop,,97.6,100.0,,,292.86,20000,,,0,0,,,,,
0,baseline,18,1,127,summer,1,False,90.8,0.0,40.6,100.0,272.29,0.0,500,81.24,,2,14,0,0,3,0
0,baseline,18,1,127,summer,2,False,60.0,0.0,0.0,100.0,180.11,0.0,500,0,,0,0,14,140,3,16
0,baseline,18,1,127,summer,shop,,97.6,100.0,,,292.86,20000,,,0,0,,,,,
0,baseline,18,2,128,summer,1,False,90.8,0.0,40.6,100.0,272.29,0.0,500,81.24,,2,14,0,0,3,0
0,baseline,18,2,128,summer,2,False,60.0,0.0,0.0,100.0,180.11,0.0,500,0,,0,0,14,140,3,16
0,baseline,18,2,128,summer,shop,,97.6,100.0,,,292.86,20000,,,0,0,,,,,
0,baseline,18,3,129,summer,1,False,90.8,0.0,40.6,100.0,272.29,0.0,500,81.24,,2,14,0,0,3,0
0,baseline,18,3,129,summer,2,False,60.0,0.0,0.0,100.0,180.11,0.0,500,0,,0,0,14,140,3,16
0,baseline,18,3,129,summer,shop,,97.6,100.0,,,292.86,20000,,,0,0,,,,,
0,baseline,18,4,130,summer,1,False,90.8,0.0,40.6,100.0,272.29,0.0,500,81.24,,2,14,0,0,3,0
0,baseline,18,4,130,summer,2,False,60.0,0.0,0.0,100.0,180.11,0.0,500,0,,0,0,14,140,3,16
0,baseline,18,4,130,summer,shop,,97.6,100.0,,,292.86,20000,,,0,0,,,,,
0,baseline,18,5,131,summer,1,False,90.8,0.0,40.6,100.0,272.29,0.0,500,81.24,,2,14,0,0,3,0
0,baseline,18,5,131,summer,2,False,60.0,0.0,0.0,100.0,180.11,0.0,500,0,,0,0,14,140,3,16
0,baseline,18,5,131,summer,shop,,97.6,100.0,,,292.86,20000,,,0,0,,,,,
0,baseline,18,6,132,summer,1,False,90.8,0.0,40.6,100.0,272.29,0.0,500,81.24,,2,14,0,0,3,0
0,baseline,18,6,132,summer,2,False,60.0,0.0,0.0,100.0,180.11,0.0,500,0,,0,0,14,140,3,16
0,baseline,18,6,132,summer,shop,,97.6,100.0,,,292.86,20000,,,0,0,,,,,
0,baseline,19,0,133,summer,1,False,90.8,0.0,40.6,100.0,272.29,0.0,500,81.24,,2,14,0,0,3,0
0,baseline,19,0,133,summer,2,False,60.0,0.0,0.0,100.0,180.11,0.0,500,0,,0,0,14,140,3,16
0,baseline,19,0,133,summer,shop,,97.6,100.0,,,292.86,20000,,,0,0,,,,,
0,baseline,19,1,134,summer,1,False,90.8,0.0,40.6,100.0,272.29,0.0,500,81.24,,2,14,0,0,3,0
0,baseline,19,1,134,summer,2,False,60.0,0.0,0.0,100.0,180.11,0.0,500,0,,0,0,14,140,3,16
0,baseline,19,1,134,summer,shop,,97.6,100.0,,,292.86,20000,,,0,0,,,,,
0,baseline,19,2,135,summer,1,False,90.8,0.0,40.6,100.0,272.29,0.0,500,81.24,,2,14,0,0,3,0
0,baseline,19,2,135,summer,2,False,60.0,0.0,0.0,100.0,180.11,0.0,500,0,,0,0,14,140,3,16
0,baseline,19,2,135,summer,shop,,97.6,100.0,,,292.86,20000,,,0,0,,,,,
0,baseline,19,3,136,summer,1,False,90.8,0.0,40.6,100.0,272.29,0.0,500,81.24,,2,14,0,0,3,0
0,baseline,19,3,136,summer,2,False,60.0,0.0,0.0,100.0,180.11,0.0,500,0,,0,0,14,140,3,16
0,baseline,19,3,136,summer,shop,,97.6,100.0,,,292.86,20000,,,0,0,,,,,
0,baseline,19,4,137,summer,1,False,90.8,0.0,40.6,100.0,272.29,0.0,500,81.24,,2,14,0,0,3,0
0,baseline,19,4,137,summer,2,False,60.0,0.0,0.0,100.0,180.11,0.0,500,0,,0,0,14,140,3,16
0,baseline,19,4,137,summer,shop,,97.6,100.0,,,292.86,20000,,,0,0,,,,,
0,baseline,19,5,138,summer,1,False,90.8,0.0,40.6,100.0,272.29,0.0,500,81.24,,2,14,0,0,3,0
0,baseline,19,5,138,summer,2,False,60.0,0.0,0.0,100.0,180.11,0.0,500,0,,0,0,14,140,3,16
0,baseline,19,5,138,summer,shop,,97.6,100.0,,,292.86,20000,,,0,0,,,,,
0,baseline,19,6,139,summer,1,False,90.8,0.0,40.6,100.0,272.29,0.0,500,81.24,,2,14,0,0,3,0
0,baseline,19,6,139,summer,2,False,60.0,0.0,0.0,100.0,180.11,0.0,500,0,,0,0,14,140,3,16
0,baseline,19,6,139,summer,shop,,97.6,100.0,,,292.86,20000,,,0,0,,,,,
0,baseline,20,0,140,summer,1,False,90.8,0.0,40.6,100.0,272.29,0.0,500,81.24,,2,14,0,0,3,0
0,baseline,20,0,140,summer,2,False,60.0,0.0,0.0,100.0,180.11,0.0,500,0,,0,0,14,140,3,16
0,baseline,20,0,140,summer,shop,,97.6,100.0,,,292.86,20000,,,0,0,,,,,
0,baseline,20,1,141,summer,1,False,90.8,0.0,40.6,100.0,272.29,0.0,500,81.24,,2,14,0,0,3,0
0,baseline,20,1,141,summer,2,False,60.0,0.0,0.0,100.0,180.11,0.0,500,0,,0,0,14,140,3,16
0,baseline,20,1,141,summer,shop,,97.6,100.0,,,292.86,20000,,,0,0,,,,,
0,baseline,20,2,142,summer,1,False,90.8,0.0,40.6,100.0,272.29,0.0,500,81.24,,2,14,0,0,3,0
0,baseline,20,2,142,summer,2,False,60.0,0.0,0.0,100.0,180.11,0.0,500,0,,0,0,14,140,3,16
0,baseline,20,2,142,summer,shop,,97.6,100.0,,,292.86,20000,,,0,0,,,,,
0,baseline,20,3,143,summer,1,False,90.8,0.0,40.6,100.0,272.29,0.0,500,81.24,,2,14,0,0,3,0
0,baseline,20,3,143,summer,2,False,60.0,0.0,0.0,100.0,180.11,0.0,500,0,,0,0,14,140,3,16
0,baseline,20,3,143,summer,shop,,97.6,100.0,,,292.86,20000,,,0,0,,,,,
0,baseline,20,4,144,summer,1,False,90.8,0.0,40.6,100.0,272.29,0.0,500,81.24,,2,14,0,0,3,0
0,baseline,20,4,144,summer,2,False,60.0,0.0,0.0,100.0,180.11,0.0,500,0,,0,0,14,140,3,16
0,baseline,20,4,144,summer,shop,,97.6,100.0,,,292.86,20000,,,0,0,,,,,
0,baseline,20,5,145,summer,1,False,90.8,0.0,40.6,100.0,272.29,0.0,500,81.24,,2,14,0,0,3,0
0,baseline,20,5,145,summer,2,False,60.0,0.0,0.0,100.0,180.11,0.0,500,0,,0,0,14,140,3,16
0,baseline,20,5,145,summer,shop,,97.6,100.0,,,292.86,20000,,,0,0,,,,,
0,baseline,20,6,146,summer,1,False,90.8,0.0,40.6,100.0,272.29,0.0,500,81.24,,2,14,0,0,3,0
0,baseline,20,6,146,summer,2,False,60.0,0.0,0.0,100.0,180.11,0.0,500,0,,0,0,14,140,3,16
0,baseline,20,6,146,summer,shop,,97.6,100.0,,,292.86,20000,,,0,0,,,,,
0,baseline,21,0,147,summer,1,False,90.8,0.0,40.6,100.0,272.29,0.0,500,81.24,,2,14,0,0,3,0
0,baseline,21,0,147,summer,2,False,60.0,0.0,0.0,100.0,180.11,0.0,500,0,,0,0,14,140,3,16
0,baseline,21,0,147,summer,shop,,97.6,100.0,,,292.86,20000,,,0,0,,,,,
0,baseline,21,1,148,summer,1,False,90.8,0.0,40.6,100.0,272.29,0.0,500,81.24,,2,14,0,0,3,0
0,baseline,21,1,148,summer,2,False,60.0,0.0,0.0,100.0,180.11,0.0,500,0,,0,0,14,140,3,16
0,baseline,21,1,148,summer,shop,,97.6,100.0,,,292.86,20000,,,0,0,,,,,
0,baseline,21,2,149,summer,1,False,90.8,0.0,40.6,100.0,272.29,0.0,500,81.24,,2,14,0,0,3,0
0,baseline,21,2,149,summer,2,False,60.0,0.0,0.0,100.0,180.11,0.0,500,0,,0,0,14,140,3,16
0,baseline,21,2,149,summer,shop,,97.6,100.0,,,292.86,20000,,,0,0,,,,,
0,baseline,21,3,150,summer,1,False,90.8,0.0,40.6,100.0,272.29,0.0,500,81.24,,2,14,0,0,3,0
0,baseline,21,3,150,summer,2,False,60.0,0.0,0.0,100.0,180.11,0.0,500,0,,0,0,14,140,3,16
0,baseline,21,3,150,summer,shop,,97.6,100.0,,,292.86,20000,,,0,0,,,,,
0,baseline,21,4,151,summer,1,False,90.8,0.0,40.6,100.0,272.29,0.0,500,81.24,,2,14,0,0,3,0
0,baseline,21,4,151,summer,2,False,60.0,0.0,0.0,100.0,180.11,0.0,500,0,,0,0,14,140,3,16
0,baseline,21,4,151,summer,shop,,97.6,100.0,,,292.86,20000,,,0,0,,,,,
0,baseline,21,5,152,summer,1,False,90.8,0.0,40.6,100.0,272.29,0.0,500,81.24,,2,14,0,0,3,0
0,baseline,21,5,152,summer,2,False,60.0,0.0,0.0,100.0,180.11,0.0,500,0,,0,0,14,140,3,16
0,baseline,21,5,152,summer,shop,,97.6,100.0,,,292.86,20000,,,0,0,,,,,
0,baseline,21,6,153,summer,1,False,90.8,0.0,40.6,100.0,272.29,0.0,500,81.24,,2,14,0,0,3,0
0,baseline,21,6,153,summer,2,False,60.0,0.0,0.0,100.0,180.11,0.0,500,0,,0,0,14,140,3,16
0,baseline,21,6,153,summer,shop,,97.6,100.0,,,292.86,20000,,,0,0,,,,,
0,baseline,22,0,154,summer,1,False,90.8,0.0,40.6,100.0,272.29,0.0,500,81.24,,2,14,0,0,3,0
0,baseline,22,0,154,summer,2,False,60.0,0.0,0.0,100.0,180.11,0.0,500,0,,0,0,14,140,3,16
0,baseline,22,0,154,summer,shop,,97.6,100.0,,,292.86,20000,,,0,0,,,,,
0,baseline,22,1,155,summer,1,False,90.8,0.0,40.6,100.0,272.29,0.0,500,81.24,,2,14,0,0,3,0
0,baseline,22,1,155,summer,2,False,60.0,0.0,0.0,100.0,180.11,0.0,500,0,,0,0,14,140,3,16
0,baseline,22,1,155,summer,shop,,97.6,100.0,,,292.86,20000,,,0,0,,,,,
0,baseline,22,2,156,summer,1,False,90.8,0.0,40.6,100.0,272.29,0.0,500,81.24,,2,14,0,0,3,0
0,baseline,22,2,156,summer,2,False,60.0,0.0,0.0,100.0,180.11,0.0,500,0,,0,0,14,140,3,16
0,baseline,22,2,156,summer,shop,,97.6,100.0,,,292.86,20000,,,0,0,,,,,
0,baseline,22,3,157,summer,1,False,90.8,0.0,40.6,100.0,272.29,0.0,500,81.24,,2,14,0,0,3,0
0,baseline,22,3,157,summer,2,False,60.0,0.0,0.0,100.0,180.11,0.0,500,0,,0,0,14,140,3,16
0,baseline,22,3,157,summer,shop,,97.6,100.0,,,292.86,20000,,,0,0,,,,,
0,baseline,22,4,158,summer,1,False,90.8,0.0,40.6,100.0,272.29,0.0,500,81.24,,2,14,0,0,3,0
0,baseline,22,4,158,summer,2,False,60.0,0.0,0.0,100.0,180.11,0.0,500,0,,0,0,14,140,3,16
0,baseline,22,4,158,summer,shop,,97.6,100.0,,,292.86,20000,,,0,0,,,,,
0,baseline,22,5,159,summer,1,False,90.8,0.0,40.6,100.0,272.29,0.0,500,81.24,,2,14,0,0,3,0
0,baseline,22,5,159,summer,2,False,60.0,0.0,0.0,100.0,180.11,0.0,500,0,,0,0,14,140,3,16
0,baseline,22,5,159,summer,shop,,97.6,100.0,,,292.86,20000,,,0,0,,,,,
0,baseline,22,6,160,summer,1,False,90.8,0.0,40.6,100.0,272.29,0.0,500,81.24,,2,14,0,0,3,0
0,baseline,22,6,160,summer,2,False,60.0,0.0,0.0,100.0,180.11,0.0,500,0,,0,0,14,140,3,16
0,baseline,22,6,160,summer,shop,,97.6,100.0,,,292.86,20000,,,0,0,,,,,
0,baseline,23,0,161,summer,1,False,90.8,0.0,40.6,100.0,272.29,0.0,500,81.24,,2,14,0,0,3,0
0,baseline,23,0,161,summer,2,False,60.0,0.0,0.0,100.0,180.11,0.0,500,0,,0,0,14,140,3,16
0,baseline,23,0,161,summer,shop,,97.6,100.0,,,292.86,20000,,,0,0,,,,,
0,baseline,23,1,162,summer,1,False,90.8,0.0,40.6,100.0,272.29,0.0,500,81.24,,2,14,0,0,3,0
0,baseline,23,1,162,summer,2,False,60.0,0.0,0.0,100.0,180.11,0.0,500,0,,0,0,14,140,3,16
0,baseline,23,1,162,summer,shop,,97.6,100.0,,,292.86,20000,,,0,0,,,,,
0,baseline,23,2,163,summer,1,False,90.8,0.0,40.6,100.0,272.29,0.0,500,81.24,,2,14,0,0,3,0
0,baseline,23,2,163,summer,2,False,60.0,0.0,0.0,100.0,180.11,0.0,500,0,,0,0,14,140,3,16
0,baseline,23,2,163,summer,shop,,97.6,100.0,,,292.86,20000,,,0,0,,,,,
0,baseline,23,3,164,summer,1,False,90.8,0.0,40.6,100.0,272.29,0.0,500,81.24,,2,14,0,0,3,0
0,baseline,23,3,164,summer,2,False,60.0,0.0,0.0,100.0,180.11,0.0,500,0,,0,0,14,140,3,16
0,baseline,23,3,164,summer,shop,,97.6,100.0,,,292.86,20000,,,0,0,,,,,
0,baseline,23,4,165,summer,1,False,90.8,0.0,40.6,100.0,272.29,0.0,500,81.24,,2,14,0,0,3,0
0,baseline,23,4,165,summer,2,False,60.0,0.0,0.0,100.0,180.11,0.0,500,0,,0,0,14,140,3,16
0,baseline,23,4,165,summer,shop,,97.6,100.0,,,292.86,20000,,,0,0,,,,,
0,baseline,23,5,166,summer,1,False,90.8,0.0,40.6,100.0,272.29,0.0,500,81.24,,2,14,0,0,3,0
0,baseline,23,5,166,summer,2,False,60.0,0.0,0.0,100.0,180.11,0.0,500,0,,0,0,14,140,3,16
0,baseline,23,5,166,summer,shop,,97.6,100.0,,,292.86,20000,,,0,0,,,,,
0,baseline,23,6,167,summer,1,False,90.8,0.0,40.6,100.0,272.29,0.0,500,81.24,,2,14,0,0,3,0
0,baseline,23,6,167,summer,2,False,60.0,0.0,0.0,100.0,180.11,0.0,500,0,,0,0,14,140,3,16
0,baseline,23,6,167,summer,shop,,97.6,100.0,,,292.86,20000,,,0,0,,,,,
0,baseline,24,0,168,autumn,1,False,90.8,0.0,40.6,100.0,272.29,0.0,500,81.24,,2,14,0,0,3,0
0,baseline,24,0,168,autumn,2,False,60.0,0.0,0.0,100.0,180.11,0.0,500,0,,0,0,14,140,3,16
0,baseline,24,0,168,autumn,shop,,97.6,100.0,,,292.86,20000,,,0,0,,,,,
0,baseline,24,1,169,autumn,1,False,90.8,0.0,40.6,100.0,272.29,0.0,500,81.24,,2,14,0,0,3,0
0,baseline,24,1,169,autumn,2,False,60.0,0.0,0.0,100.0,180.11,0.0,500,0,,0,0,14,140,3,16
0,baseline,24,1,169,autumn,shop,,97.6,100.0,,,292.86,20000,,,0,0,,,,,
0,baseline,24,2,170,autumn,1,False,90.8,0.0,40.6,100.0,272.29,0.0,500,81.24,,2,14,0,0,3,0
0,baseline,24,2,170,autumn,2,False,60.0,0.0,0.0,100.0,180.11,0.0,500,0,,0,0,14,140,3,16
0,baseline,24,2,170,autumn,shop,,97.6,100.0,,,292.86,20000,,,0,0,,,,,
0,baseline,24,3,171,autumn,1,False,90.8,0.0,40.6,100.0,272.29,0.0,500,81.24,,2,14,0,0,3,0
0,baseline,24,3,171,autumn,2,False,60.0,0.0,0.0,100.0,180.11,0.0,500,0,,0,0,14,140,3,16
0,baseline,24,3,171,autumn,shop,,97.6,100.0,,,292.86,20000,,,0,0,,,,,
0,baseline,24,4,172,autumn,1,False,90.8,0.0,40.6,100.0,272.29,0.0,500,81.24,,2,14,0,0,3,0
0,baseline,24,4,172,autumn,2,False,60.0,0.0,0.0,100.0,180.11,0.0,500,0,,0,0,14,140,3,16
0,baseline,24,4,172,autumn,shop,,97.6,100.0,,,292.86,20000,,,0,0,,,,,
0,baseline,24,5,173,autumn,1,False,90.8,0.0,40.6,100.0,272.29,0.0,500,81.24,,2,14,0,0,3,0
0,baseline,24,5,173,autumn,2,False,60.0,0.0,0.0,100.0,180.11,0.0,500,0,,0,0,14,140,3,16
0,baseline,24,5,173,autumn,shop,,97.6,100.0,,,292.86,20000,,,0,0,,,,,
0,baseline,24,6,174,autumn,1,False,90.8,0.0,40.6,100.0,272.29,0.0,500,81.24,,2,14,0,0,3,0
0,baseline,24,6,174,autumn,2,False,60.0,0.0,0.0,100.0,180.11,0.0,500,0,,0,0,14,140,3,16
0,baseline,24,6,174,autumn,shop,,97.6,100.0,,,292.86,20000,,,0,0,,,,,
0,baseline,25,0,175,autumn,1,False,90.8,0.0,40.6,100.0,272.29,0.0,500,81.24,,2,14,0,0,3,0
0,baseline,25,0,175,autumn,2,False,60.0,0.0,0.0,100.0,180.11,0.0,500,0,,0,0,14,140,3,16
0,baseline,25,0,175,autumn,shop,,97.6,100.0,,,292.86,20000,,,0,0,,,,,
0,baseline,25,1,176,autumn,1,False,90.8,0.0,40.6,100.0,272.29,0.0,500,81.24,,2,14,0,0,3,0
0,baseline,25,1,176,autumn,2,False,60.0,0.0,0.0,100.0,180.11,0.0,500,0,,0,0,14,140,3,16
0,baseline,25,1,176,autumn,shop,,97.6,100.0,,,292.86,20000,,,0,0,,,,,
0,baseline,25,2,177,autumn,1,False,90.8,0.0,40.6,100.0,272.29,0.0,500,81.24,,2,14,0,0,3,0
0,baseline,25,2,177,autumn,2,False,60.0,0.0,0.0,100.0,180.11,0.0,500,0,,0,0,14,140,3,16
0,baseline,25,2,177,autumn,shop,,97.6,100.0,,,292.86,20000,,,0,0,,,,,
0,baseline,25,3,178,autumn,1,False,90.8,0.0,40.6,100.0,272.29,0.0,500,81.24,,2,14,0,0,3,0
0,baseline,25,3,178,autumn,2,False,60.0,0.0,0.0,100.0,180.11,0.0,500,0,,0,0,14,140,3,16
0,baseline,25,3,178,autumn,shop,,97.6,100.0,,,292.86,20000,,,0,0,,,,,
0,baseline,25,4,179,autumn,1,False,90.8,0.0,40.6,100.0,272.29,0.0,500,81.24,,2,14,0,0,3,0
0,baseline,25,4,179,autumn,2,False,60.0,0.0,0.0,100.0,180.11,0.0,500,0,,0,0,14,140,3,16
0,baseline,25,4,179,autumn,shop,,97.6,100.0,,,292.86,20000,,,0,0,,,,,
0,baseline,25,5,180,autumn,1,False,90.8,0.0,40.6,100.0,272.29,0.0,500,81.24,,2,14,0,0,3,0
0,baseline,25,5,180,autumn,2,False,60.0,0.0,0.0,100.0,180.11,0.0,500,0,,0,0,14,140,3,16
0,baseline,25,5,180,autumn,shop,,97.6,100.0,,,292.86,20000,,,0,0,,,,,
0,baseline,25,6,181,autumn,1,False,90.8,0.0,40.6,100.0,272.29,0.0,500,81.24,,2,14,0,0,3,0
0,baseline,25,6,181,autumn,2,False,60.0,0.0,0.0,100.0,180.11,0.0,500,0,,0,0,14,140,3,16
0,baseline,25,6,181,autumn,shop,,97.6,100.0,,,292.86,20000,,,0,0,,,,,
0,baseline,26,0,182,autumn,1,False,90.8,0.0,40.6,100.0,272.29,0.0,500,81.24,,2,14,0,0,3,0
0,baseline,26,0,182,autumn,2,False,60.0,0.0,0.0,100.0,180.11,0.0,500,0,,0,0,14,140,3,16
0,baseline,26,0,182,autumn,shop,,96.6,100.0,,,289.71,20000,,,0,0,,,,,
0,baseline,26,1,183,autumn,1,False,90.8,0.0,40.6,100.0,272.29,0.0,500,81.24,,2,14,0,0,3,0
0,baseline,26,1,183,autumn,2,False,60.0,0.0,0.0,100.0,180.11,0.0,500,0,,0,0,14,140,3,16
0,baseline,26,1,183,autumn,shop,,95.5,100.0,,,286.57,20000,,,0,0,,,,,
0,baseline,26,2,184,autumn,1,False,90.8,0.0,40.6,100.0,272.29,0.0,500,81.24,,2,14,0,0,3,0
0,baseline,26,2,184,autumn,2,False,60.0,0.0,0.0,100.0,180.11,0.0,500,0,,0,0,14,140,3,16
0,baseline,26,2,184,autumn,shop,,94.5,100.0,,,283.43,20000,,,0,0,,,,,
0,baseline,26,3,185,autumn,1,False,90.8,0.0,40.6,100.0,272.29,0.0,500,81.24,,2,14,0,0,3,0
0,baseline,26,3,185,autumn,2,False,60.0,0.0,0.0,100.0,180.11,0.0,500,0,,0,0,14,140,3,16
0,baseline,26,3,185,autumn,shop,,93.4,100.0,,,280.29,20000,,,0,0,,,,,
0,baseline,26,4,186,autumn,1,False,90.8,0.0,40.6,100.0,272.29,0.0,500,81.24,,2,14,0,0,3,0
0,baseline,26,4,186,autumn,2,False,60.0,0.0,0.0,100.0,180.11,0.0,500,0,,0,0,14,140,3,16
0,baseline,26,4,186,autumn,shop,,92.4,100.0,,,277.14,20000,,,0,0,,,,,
0,baseline,26,5,187,autumn,1,False,90.8,0.0,40.6,100.0,272.29,0.0,500,81.24,,2,14,0,0,3,0
0,baseline,26,5,187,autumn,2,False,60.0,0.0,0.0,100.0,180.11,0.0,500,0,,0,0,14,140,3,16
0,baseline,26,5,187,autumn,shop,,91.3,100.0,,,274.0,20000,,,0,0,,,,,
0,baseline,26,6,188,autumn,1,False,90.8,0.0,40.6,100.0,272.29,0.0,500,81.24,,2,14,0,0,3,0
0,baseline,26,6,188,autumn,2,False,60.0,0.0,0.0,100.0,180.11,0.0,500,0,,0,0,14,140,3,16
0,baseline,26,6,188,autumn,shop,,90.3,100.0,,,270.86,20000,,,0,0,,,,,
0,baseline,27,0,189,autumn,1,False,90.8,0.0,40.6,100.0,272.29,0.0,500,81.24,,2,14,0,0,3,0
0,baseline,27,0,189,autumn,2,False,60.0,0.0,0.0,100.0,180.11,0.0,500,0,,0,0,14,140,3,16
0,baseline,27,0,189,autumn,shop,,91.6,100.0,,,274.71,20000,,,0,0,,,,,
0,baseline,27,1,190,autumn,1,False,90.8,0.0,40.6,100.0,272.29,0.0,500,81.24,,2,14,0,0,3,0
0,baseline,27,1,190,autumn,2,False,60.0,0.0,0.0,100.0,180.11,0.0,500,0,,0,0,14,140,3,16
0,baseline,27,1,190,autumn,shop,,92.9,100.0,,,278.57,20000,,,0,0,,,,,
0,baseline,27,2,191,autumn,1,False,90.8,0.0,40.6,100.0,272.29,0.0,500,81.24,,2,14,0,0,3,0
0,baseline,27,2,191,autumn,2,False,60.0,0.0,0.0,100.0,180.11,0.0,500,0,,0,0,14,140,3,16
0,baseline,27,2,191,autumn,shop,,94.1,100.0,,,282.43,20000,,,0,0,,,,,
0,baseline,27,3,192,autumn,1,False,90.8,0.0,40.6,100.0,272.29,0.0,500,81.24,,2,14,0,0,3,0
0,baseline,27,3,192,autumn,2,False,60.0,0.0,0.0,100.0,180.11,0.0,500,0,,0,0,14,140,3,16
0,baseline,27,3,192,autumn,shop,,95.4,100.0,,,286.29,20000,,,0,0,,,,,
0,baseline,27,4,193,autumn,1,False,90.8,0.0,40.6,100.0,272.29,0.0,500,81.24,,2,14,0,0,3,0
0,baseline,27,4,193,autumn,2,False,60.0,0.0,0.0,100.0,180.11,0.0,500,0,,0,0,14,140,3,16
0,baseline,27,4,193,autumn,shop,,96.7,100.0,,,290.14,20000,,,0,0,,,,,
0,baseline,27,5,194,autumn,1,False,90.8,0.0,40.6,100.0,272.29,0.0,500,81.24,,2,14,0,0,3,0
0,baseline,27,5,194,autumn,2,False,60.0,0.0,0.0,100.0,180.11,0.0,500,0,,0,0,14,140,3,16
0,baseline,27,5,194,autumn,shop,,97.6,100.0,,,292.86,20000,,,0,0,,,,,
0,baseline,27,6,195,autumn,1,False,90.8,0.0,40.6,100.0,272.29,0.0,500,81.24,,2,14,0,0,3,0
0,baseline,27,6,195,autumn,2,False,60.0,0.0,0.0,100.0,180.11,0.0,500,0,,0,0,14,140,3,16
0,baseline,27,6,195,autumn,shop,,97.6,100.0,,,292.86,20000,,,0,0,,,,,
0,baseline,28,0,196,autumn,1,False,90.8,0.0,40.6,100.0,272.29,0.0,500,81.24,,2,14,0,0,3,0
0,baseline,28,0,196,autumn,2,False,60.0,0.0,0.0,100.0,180.11,0.0,500,0,,0,0,14,140,3,16
0,baseline,28,0,196,autumn,shop,,97.6,100.0,,,292.86,20000,,,0,0,,,,,
0,baseline,28,1,197,autumn,1,False,90.8,0.0,40.6,100.0,272.29,0.0,500,81.24,,2,14,0,0,3,0
0,baseline,28,1,197,autumn,2,False,60.0,0.0,0.0,100.0,180.11,0.0,500,0,,0,0,14,140,3,16
0,baseline,28,1,197,autumn,shop,,97.6,100.0,,,292.86,20000,,,0,0,,,,,
0,baseline,28,2,198,autumn,1,False,90.8,0.0,40.6,100.0,272.29,0.0,500,81.24,,2,14,0,0,3,0
0,baseline,28,2,198,autumn,2,False,60.0,0.0,0.0,100.0,180.11,0.0,500,0,,0,0,14,140,3,16
0,baseline,28,2,198,autumn,shop,,97.6,100.0,,,292.86,20000,,,0,0,,,,,
0,baseline,28,3,199,autumn,1,False,90.8,0.0,40.6,100.0,272.29,0.0,500,81.24,,2,14,0,0,3,0
0,baseline,28,3,199,autumn,2,False,60.0,0.0,0.0,100.0,180.11,0.0,500,0,,0,0,14,140,3,16
0,baseline,28,3,199,autumn,shop,,97.6,100.0,,,292.86,20000,,,0,0,,,,,
0,baseline,28,4,200,autumn,1,False,90.8,0.0,40.6,100.0,272.29,0.0,500,81.24,,2,14,0,0,3,0
0,baseline,28,4,200,autumn,2,False,60.0,0.0,0.0,100.0,180.11,0.0,500,0,,0,0,14,140,3,16
0,baseline,28,4,200,autumn,shop,,97.6,100.0,,,292.86,20000,,,0,0,,,,,
0,baseline,28,5,201,autumn,1,False,90.8,0.0,40.6,100.0,272.29,0.0,500,81.24,,2,14,0,0,3,0
0,baseline,28,5,201,autumn,2,False,60.0,0.0,0.0,100.0,180.11,0.0,500,0,,0,0,14,140,3,16
0,baseline,28,5,201,autumn,shop,,97.6,100.0,,,292.86,20000,,,0,0,,,,,
0,baseline,28,6,202,autumn,1,False,90.8,0.0,40.6,100.0,272.29,0.0,500,81.24,,2,14,0,0,3,0
0,baseline,28,6,202,autumn,2,False,60.0,0.0,0.0,100.0,180.11,0.0,500,0,,0,0,14,140,3,16
0,baseline,28,6,202,autumn,shop,,97.6,100.0,,,292.86,20000,,,0,0,,,,,
0,baseline,29,0,203,autumn,1,False,90.8,0.0,40.6,100.0,272.29,0.0,500,81.24,,2,14,0,0,3,0
0,baseline,29,0,203,autumn,2,False,60.0,0.0,0.0,100.0,180.11,0.0,500,0,,0,0,14,140,3,16
0,baseline,29,0,203,autumn,shop,,97.6,100.0,,,292.86,20000,,,0,0,,,,,
0,baseline,29,1,204,autumn,1,False,90.8,0.0,40.6,100.0,272.29,0.0,500,81.24,,2,14,0,0,3,0
0,baseline,29,1,204,autumn,2,False,60.0,0.0,0.0,100.0,180.11,0.0,500,0,,0,0,14,140,3,16
0,baseline,29,1,204,autumn,shop,,97.6,100.0,,,292.86,20000,,,0,0,,,,,
0,baseline,29,2,205,autumn,1,False,90.8,0.0,40.6,100.0,272.29,0.0,500,81.24,,2,14,0,0,3,0
0,baseline,29,2,205,autumn,2,False,60.0,0.0,0.0,100.0,180.11,0.0,500,0,,0,0,14,140,3,16
0,baseline,29,2,205,autumn,shop,,97.6,100.0,,,292.86,20000,,,0,0,,,,,
0,baseline,29,3,206,autumn,1,False,90.8,0.0,40.6,100.0,272.29,0.0,500,81.24,,2,14,0,0,3,0
0,baseline,29,3,206,autumn,2,False,60.0,0.0,0.0,100.0,180.11,0.0,500,0,,0,0,14,140,3,16
0,baseline,29,3,206,autumn,shop,,97.6,100.0,,,292.86,20000,,,0,0,,,,,
0,baseline,29,4,207,autumn,1,False,90.8,0.0,40.6,100.0,272.29,0.0,500,81.24,,2,14,0,0,3,0
0,baseline,29,4,207,autumn,2,False,60.0,0.0,0.0,100.0,180.11,0.0,500,0,,0,0,14,140,3,16
0,baseline,29,4,207,autumn,shop,,97.6,100.0,,,292.86,20000,,,0,0,,,,,
0,baseline,29,5,208,autumn,1,False,90.8,0.0,40.6,100.0,272.29,0.0,500,81.24,,2,14,0,0,3,0
0,baseline,29,5,208,autumn,2,False,60.0,0.0,0.0,100.0,180.11,0.0,500,0,,0,0,14,140,3,16
0,baseline,29,5,208,autumn,shop,,97.6,100.0,,,292.86,20000,,,0,0,,,,,
0,baseline,29,6,209,autumn,1,False,90.8,0.0,40.6,100.0,272.29,0.0,500,81.24,,2,14,0,0,3,0
0,baseline,29,6,209,autumn,2,False,60.0,0.0,0.0,100.0,180.11,0.0,500,0,,0,0,14,140,3,16
0,baseline,29,6,209,autumn,shop,,97.6,100.0,,,292.86,20000,,,0,0,,,,,
0,baseline,30,0,210,autumn,1,False,90.8,0.0,40.6,100.0,272.29,0.0,500,81.24,,2,14,0,0,3,0
0,baseline,30,0,210,autumn,2,False,60.0,0.0,0.0,100.0,180.11,0.0,500,0,,0,0,14,140,3,16
0,baseline,30,0,210,autumn,shop,,97.6,100.0,,,292.86,20000,,,0,0,,,,,
0,baseline,30,1,211,autumn,1,False,90.8,0.0,40.6,100.0,272.29,0.0,500,81.24,,2,14,0,0,3,0
0,baseline,30,1,211,autumn,2,False,60.0,0.0,0.0,100.0,180.11,0.0,500,0,,0,0,14,140,3,16
0,baseline,30,1,211,autumn,shop,,97.6,100.0,,,292.86,20000,,,0,0,,,,,
0,baseline,30,2,212,autumn,1,False,90.8,0.0,40.6,100.0,272.29,0.0,500,81.24,,2,14,0,0,3,0
0,baseline,30,2,212,autumn,2,False,60.0,0.0,0.0,100.0,180.11,0.0,500,0,,0,0,14,140,3,16
0,baseline,30,2,212,autumn,shop,,97.6,100.0,,,292.86,20000,,,0,0,,,,,
0,baseline,30,3,213,autumn,1,False,90.8,0.0,40.6,100.0,272.29,0.0,500,81.24,,2,14,0,0,3,0
0,baseline,30,3,213,autumn,2,False,60.0,0.0,0.0,100.0,180.11,0.0,500,0,,0,0,14,140,3,16
0,baseline,30,3,213,autumn,shop,,97.6,100.0,,,292.86,20000,,,0,0,,,,,
0,baseline,30,4,214,autumn,1,False,90.8,0.0,40.6,100.0,272.29,0.0,500,81.24,,2,14,0,0,3,0
0,baseline,30,4,214,autumn,2,False,60.0,0.0,0.0,100.0,180.11,0.0,500,0,,0,0,14,140,3,16
0,baseline,30,4,214,autumn,shop,,97.6,100.0,,,292.86,20000,,,0,0,,,,,
0,baseline,30,5,215,autumn,1,False,90.8,0.0,40.6,100.0,272.29,0.0,500,81.24,,2,14,0,0,3,0
0,baseline,30,5,215,autumn,2,False,60.0,0.0,0.0,100.0,180.11,0.0,500,0,,0,0,14,140,3,16
0,baseline,30,5,215,autumn,shop,,97.6,100.0,,,292.86,20000,,,0,0,,,,,
0,baseline,30,6,216,autumn,1,False,90.8,0.0,40.6,100.0,272.29,0.0,500,81.24,,2,14,0,0,3,0
0,baseline,30,6,216,autumn,2,False,60.0,0.0,0.0,100.0,180.11,0.0,500,0,,0,0,14,140,3,16
0,baseline,30,6,216,autumn,shop,,97.6,100.0,,,292.86,20000,,,0,0,,,,,
0,baseline,31,0,217,autumn,1,False,90.8,0.0,40.6,100.0,272.29,0.0,500,81.24,,2,14,0,0,3,0
0,baseline,31,0,217,autumn,2,False,60.0,0.0,0.0,100.0,180.11,0.0,500,0,,0,0,14,140,3,16
0,baseline,31,0,217,autumn,shop,,97.6,100.0,,,292.86,20000,,,0,0,,,,,
0,baseline,31,1,218,autumn,1,False,90.8,0.0,40.6,100.0,272.29,0.0,500,81.24,,2,14,0,0,3,0
0,baseline,31,1,218,autumn,2,False,60.0,0.0,0.0,100.0,180.11,0.0,500,0,,0,0,14,140,3,16
0,baseline,31,1,218,autumn,shop,,97.6,100.0,,,292.86,20000,,,0,0,,,,,
0,baseline,31,2,219,autumn,1,False,90.8,0.0,40.6,100.0,272.29,0.0,500,81.24,,2,14,0,0,3,0
0,baseline,31,2,219,autumn,2,False,60.0,0.0,0.0,100.0,180.11,0.0,500,0,,0,0,14,140,3,16
0,baseline,31,2,219,autumn,shop,,97.6,100.0,,,292.86,20000,,,0,0,,,,,
0,baseline,31,3,220,autumn,1,False,90.8,0.0,40.6,100.0,272.29,0.0,500,81.24,,2,14,0,0,3,0
0,baseline,31,3,220,autumn,2,False,60.0,0.0,0.0,100.0,180.11,0.0,500,0,,0,0,14,140,3,16
0,baseline,31,3,220,autumn,shop,,97.6,100.0,,,292.86,20000,,,0,0,,,,,
0,baseline,31,4,221,autumn,1,False,90.8,0.0,40.6,100.0,272.29,0.0,500,81.24,,2,14,0,0,3,0
0,baseline,31,4,221,autumn,2,False,60.0,0.0,0.0,100.0,180.11,0.0,500,0,,0,0,14,140,3,16
0,baseline,31,4,221,autumn,shop,,97.6,100.0,,,292.86,20000,,,0,0,,,,,
0,baseline,31,5,222,autumn,1,False,90.8,0.0,40.6,100.0,272.29,0.0,500,81.24,,2,14,0,0,3,0
0,baseline,31,5,222,autumn,2,False,60.0,0.0,0.0,100.0,180.11,0.0,500,0,,0,0,14,140,3,16
0,baseline,31,5,222,autumn,shop,,97.6,100.0,,,292.86,20000,,,0,0,,,,,
0,baseline,31,6,223,autumn,1,False,90.8,0.0,40.6,100.0,272.29,0.0,500,81.24,,2,14,0,0,3,0
0,baseline,31,6,223,autumn,2,False,60.0,0.0,0.0,100.0,180.11,0.0,500,0,,0,0,14,140,3,16
0,baseline,31,6,223,autumn,shop,,97.6,100.0,,,292.86,20000,,,0,0,,,,,
0,baseline,32,0,224,autumn,1,False,90.8,0.0,40.6,100.0,272.29,0.0,500,81.24,,2,14,0,0,3,0
0,baseline,32,0,224,autumn,2,False,60.0,0.0,0.0,100.0,180.11,0.0,500,0,,0,0,14,140,3,16
0,baseline,32,0,224,autumn,shop,,97.6,100.0,,,292.86,20000,,,0,0,,,,,
0,baseline,32,1,225,autumn,1,False,90.8,0.0,40.6,100.0,272.29,0.0,500,81.24,,2,14,0,0,3,0
0,baseline,32,1,225,autumn,2,False,60.0,0.0,0.0,100.0,180.11,0.0,500,0,,0,0,14,140,3,16
0,baseline,32,1,225,autumn,shop,,97.6,100.0,,,292.86,20000,,,0,0,,,,,
0,baseline,32,2,226,autumn,1,False,90.8,0.0,40.6,100.0,272.29,0.0,500,81.24,,2,14,0,0,3,0
0,baseline,32,2,226,autumn,2,False,60.0,0.0,0.0,100.0,180.11,0.0,500,0,,0,0,14,140,3,16
0,baseline,32,2,226,autumn,shop,,97.6,100.0,,,292.86,20000,,,0,0,,,,,
0,baseline,32,3,227,autumn,1,False,90.8,0.0,40.6,100.0,272.29,0.0,500,81.24,,2,14,0,0,3,0
0,baseline,32,3,227,autumn,2,False,60.0,0.0,0.0,100.0,180.11,0.0,500,0,,0,0,14,140,3,16
0,baseline,32,3,227,autumn,shop,,97.6,100.0,,,292.86,20000,,,0,0,,,,,
0,baseline,32,4,228,autumn,1,False,90.8,0.0,40.6,100.0,272.29,0.0,500,81.24,,2,14,0,0,3,0
0,baseline,32,4,228,autumn,2,False,60.0,0.0,0.0,100.0,180.11,0.0,500,0,,0,0,14,140,3,16
0,baseline,32,4,228,autumn,shop,,97.6,100.0,,,292.86,20000,,,0,0,,,,,
0,baseline,32,5,229,autumn,1,False,90.8,0.0,40.6,100.0,272.29,0.0,500,81.24,,2,14,0,0,3,0
0,baseline,32,5,229,autumn,2,False,60.0,0.0,0.0,100.0,180.11,0.0,500,0,,0,0,14,140,3,16
0,baseline,32,5,229,autumn,shop,,97.6,100.0,,,292.86,20000,,,0,0,,,,,
0,baseline,32,6,230,autumn,1,False,90.8,0.0,40.6,100.0,272.29,0.0,500,81.24,,2,14,0,0,3,0
0,baseline,32,6,230,autumn,2,False,60.0,0.0,0.0,100.0,180.11,0.0,500,0,,0,0,14,140,3,16
0,baseline,32,6,230,autumn,shop,,97.6,100.0,,,292.86,20000,,,0,0,,,,,
0,baseline,33,0,231,autumn,1,False,90.8,0.0,40.6,100.0,272.29,0.0,500,81.24,,2,14,0,0,3,0
0,baseline,33,0,231,autumn,2,False,60.0,0.0,0.0,100.0,180.11,0.0,500,0,,0,0,14,140,3,16
0,baseline,33,0,231,autumn,shop,,97.6,100.0,,,292.86,20000,,,0,0,,,,,
0,baseline,33,1,232,autumn,1,False,90.8,0.0,40.6,100.0,272.29,0.0,500,81.24,,2,14,0,0,3,0
0,baseline,33,1,232,autumn,2,False,60.0,0.0,0.0,100.0,180.11,0.0,500,0,,0,0,14,140,3,16
0,baseline,33,1,232,autumn,shop,,97.6,100.0,,,292.86,20000,,,0,0,,,,,
0,baseline,33,2,233,autumn,1,False,90.8,0.0,40.6,100.0,272.29,0.0,500,81.24,,2,14,0,0,3,0
0,baseline,33,2,233,autumn,2,False,60.0,0.0,0.0,100.0,180.11,0.0,500,0,,0,0,14,140,3,16
0,baseline,33,2,233,autumn,shop,,97.6,100.0,,,292.86,20000,,,0,0,,,,,
0,baseline,33,3,234,autumn,1,False,90.8,0.0,40.6,100.0,272.29,0.0,500,81.24,,2,14,0,0,3,0
0,baseline,33,3,234,autumn,2,False,60.0,0.0,0.0,100.0,180.11,0.0,500,0,,0,0,14,140,3,16
0,baseline,33,3,234,autumn,shop,,97.6,100.0,,,292.86,20000,,,0,0,,,,,
0,baseline,33,4,235,autumn,1,False,90.8,0.0,40.6,100.0,272.29,0.0,500,81.24,,2,14,0,0,3,0
0,baseline,33,4,235,autumn,2,False,60.0,0.0,0.0,100.0,180.11,0.0,500,0,,0,0,14,140,3,16
0,baseline,33,4,235,autumn,shop,,97.6,100.0,,,292.86,20000,,,0,0,,,,,
0,baseline,33,5,236,autumn,1,False,90.8,0.0,40.6,100.0,272.29,0.0,500,81.24,,2,14,0,0,3,0
0,baseline,33,5,236,autumn,2,False,60.0,0.0,0.0,100.0,180.11,0.0,500,0,,0,0,14,140,3,16
0,baseline,33,5,236,autumn,shop,,97.6,100.0,,,292.86,20000,,,0,0,,,,,
0,baseline,33,6,237,autumn,1,False,90.8,0.0,40.6,100.0,272.29,0.0,500,81.24,,2,14,0,0,3,0
0,baseline,33,6,237,autumn,2,False,60.0,0.0,0.0,100.0,180.11,0.0,500,0,,0,0,14,140,3,16
0,baseline,33,6,237,autumn,shop,,97.6,100.0,,,292.86,20000,,,0,0,,,,,
0,baseline,34,0,238,autumn,1,False,90.8,0.0,40.6,100.0,272.29,0.0,500,81.24,,2,14,0,0,3,0
0,baseline,34,0,238,autumn,2,False,60.0,0.0,0.0,100.0,180.11,0.0,500,0,,0,0,14,140,3,16
0,baseline,34,0,238,autumn,shop,,97.6,100.0,,,292.86,20000,,,0,0,,,,,
0,baseline,34,1,239,autumn,1,False,90.8,0.0,40.6,100.0,272.29,0.0,500,81.24,,2,14,0,0,3,0
0,baseline,34,1,239,autumn,2,False,60.0,0.0,0.0,100.0,180.11,0.0,500,0,,0,0,14,140,3,16
0,baseline,34,1,239,autumn,shop,,97.6,100.0,,,292.86,20000,,,0,0,,,,,
0,baseline,34,2,240,autumn,1,False,90.8,0.0,40.6,100.0,272.29,0.0,500,81.24,,2,14,0,0,3,0
0,baseline,34,2,240,autumn,2,False,60.0,0.0,0.0,100.0,180.11,0.0,500,0,,0,0,14,140,3,16
0,baseline,34,2,240,autumn,shop,,97.6,100.0,,,292.86,20000,,,0,0,,,,,
0,baseline,34,3,241,autumn,1,False,90.8,0.0,40.6,100.0,272.29,0.0,500,81.24,,2,14,0,0,3,0
0,baseline,34,3,241,autumn,2,False,60.0,0.0,0.0,100.0,180.11,0.0,500,0,,0,0,14,140,3,16
0,baseline,34,3,241,autumn,shop,,97.6,100.0,,,292.86,20000,,,0,0,,,,,
0,baseline,34,4,242,autumn,1,False,90.8,0.0,40.6,100.0,272.29,0.0,500,81.24,,2,14,0,0,3,0
0,baseline,34,4,242,autumn,2,False,60.0,0.0,0.0,100.0,180.11,0.0,500,0,,0,0,14,140,3,16
0,baseline,34,4,242,autumn,shop,,97.6,100.0,,,292.86,20000,,,0,0,,,,,
0,baseline,34,5,243,autumn,1,False,90.8,0.0,40.6,100.0,272.29,0.0,500,81.24,,2,14,0,0,3,0
0,baseline,34,5,243,autumn,2,False,60.0,0.0,0.0,100.0,180.11,0.0,500,0,,0,0,14,140,3,16
0,baseline,34,5,243,autumn,shop,,97.6,100.0,,,292.86,20000,,,0,0,,,,,
0,baseline,34,6,244,autumn,1,False,90.8,0.0,40.6,100.0,272.29,0.0,500,81.24,,2,14,0,0,3,0
0,baseline,34,6,244,autumn,2,False,60.0,0.0,0.0,100.0,180.11,0.0,500,0,,0,0,14,140,3,16
0,baseline,34,6,244,autumn,shop,,97.6,100.0,,,292.86,20000,,,0,0,,,,,
0,baseline,35,0,245,autumn,1,False,90.8,0.0,40.6,100.0,272.29,0.0,500,81.24,,2,14,0,0,3,0
0,baseline,35,0,245,autumn,2,False,60.0,0.0,0.0,100.0,180.11,0.0,500,0,,0,0,14,140,3,16
0,baseline,35,0,245,autumn,shop,,97.6,100.0,,,292.86,20000,,,0,0,,,,,
0,baseline,35,1,246,autumn,1,False,90.8,0.0,40.6,100.0,272.29,0.0,500,81.24,,2,14,0,0,3,0
0,baseline,35,1,246,autumn,2,False,60.0,0.0,0.0,100.0,180.11,0.0,500,0,,0,0,14,140,3,16
0,baseline,35,1,246,autumn,shop,,97.6,100.0,,,292.86,20000,,,0,0,,,,,
0,baseline,35,2,247,autumn,1,False,90.8,0.0,40.6,100.0,272.29,0.0,500,81.24,,2,14,0,0,3,0
0,baseline,35,2,247,autumn,2,False,60.0,0.0,0.0,100.0,180.11,0.0,500,0,,0,0,14,140,3,16
0,baseline,35,2,247,autumn,shop,,97.6,100.0,,,292.86,20000,,,0,0,,,,,
0,baseline,35,3,248,autumn,1,False,90.8,0.0,40.6,100.0,272.29,0.0,500,81.24,,2,14,0,0,3,0
0,baseline,35,3,248,autumn,2,False,60.0,0.0,0.0,100.0,180.11,0.0,500,0,,0,0,14,140,3,16
0,baseline,35,3,248,autumn,shop,,97.6,100.0,,,292.86,20000,,,0,0,,,,,
0,baseline,35,4,249,autumn,1,False,90.8,0.0,40.6,100.0,272.29,0.0,500,81.24,,2,14,0,0,3,0
0,baseline,35,4,249,autumn,2,False,60.0,0.0,0.0,100.0,180.11,0.0,500,0,,0,0,14,140,3,16
0,baseline,35,4,249,autumn,shop,,97.6,100.0,,,292.86,20000,,,0,0,,,,,
0,baseline,35,5,250,autumn,1,False,90.8,0.0,40.6,100.0,272.29,0.0,500,81.24,,2,14,0,0,3,0
0,baseline,35,5,250,autumn,2,False,60.0,0.0,0.0,100.0,180.11,0.0,500,0,,0,0,14,140,3,16
0,baseline,35,5,250,autumn,shop,,97.6,100.0,,,292.86,20000,,,0,0,,,,,
0,baseline,35,6,251,autumn,1,False,90.8,0.0,40.6,100.0,272.29,0.0,500,81.24,,2,14,0,0,3,0
0,baseline,35,6,251,autumn,2,False,60.0,0.0,0.0,100.0,180.11,0.0,500,0,,0,0,14,140,3,16
0,baseline,35,6,251,autumn,shop,,97.6,100.0,,,292.86,20000,,,0,0,,,,,
0,baseline,36,0,252,winter,1,False,90.8,0.0,40.6,100.0,272.29,0.0,500,81.24,,2,14,0,0,3,0
0,baseline,36,0,252,winter,2,False,60.0,0.0,0.0,100.0,180.11,0.0,500,0,,0,0,14,140,3,16
0,baseline,36,0,252,winter,shop,,97.6,100.0,,,292.86,20000,,,0,0,,,,,
0,baseline,36,1,253,winter,1,False,90.8,0.0,40.6,100.0,272.29,0.0,500,81.24,,2,14,0,0,3,0
0,baseline,36,1,253,winter,2,False,60.0,0.0,0.0,100.0,180.11,0.0,500,0,,0,0,14,140,3,16
0,baseline,36,1,253,winter,shop,,97.6,100.0,,,292.86,20000,,,0,0,,,,,
0,baseline,36,2,254,winter,1,False,90.8,0.0,40.6,100.0,272.29,0.0,500,81.24,,2,14,0,0,3,0
0,baseline,36,2,254,winter,2,False,60.0,0.0,0.0,100.0,180.11,0.0,500,0,,0,0,14,140,3,16
0,baseline,36,2,254,winter,shop,,97.6,100.0,,,292.86,20000,,,0,0,,,,,
0,baseline,36,3,255,winter,1,False,90.8,0.0,40.6,100.0,272.29,0.0,500,81.24,,2,14,0,0,3,0
0,baseline,36,3,255,winter,2,False,60.0,0.0,0.0,100.0,180.11,0.0,500,0,,0,0,14,140,3,16
0,baseline,36,3,255,winter,shop,,97.6,100.0,,,292.86,20000,,,0,0,,,,,
0,baseline,36,4,256,winter,1,False,90.8,0.0,40.6,100.0,272.29,0.0,500,81.24,,2,14,0,0,3,0
0,baseline,36,4,256,winter,2,False,60.0,0.0,0.0,100.0,180.11,0.0,500,0,,0,0,14,140,3,16
0,baseline,36,4,256,winter,shop,,97.6,100.0,,,292.86,20000,,,0,0,,,,,
0,baseline,36,5,257,winter,1,False,90.8,0.0,40.6,100.0,272.29,0.0,500,81.24,,2,14,0,0,3,0
0,baseline,36,5,257,winter,2,False,60.0,0.0,0.0,100.0,180.11,0.0,500,0,,0,0,14,140,3,16
0,baseline,36,5,257,winter,shop,,97.6,100.0,,,292.86,20000,,,0,0,,,,,
0,baseline,36,6,258,winter,1,False,90.8,0.0,40.6,100.0,272.29,0.0,500,81.24,,2,14,0,0,3,0
0,baseline,36,6,258,winter,2,False,60.0,0.0,0.0,100.0,180.11,0.0,500,0,,0,0,14,140,3,16
0,baseline,36,6,258,winter,shop,,97.6,100.0,,,292.86,20000,,,0,0,,,,,
0,baseline,37,0,259,winter,1,False,90.8,0.0,40.6,100.0,272.29,0.0,500,81.24,,2,14,0,0,3,0
0,baseline,37,0,259,winter,2,False,60.0,0.0,0.0,100.0,180.11,0.0,500,0,,0,0,14,140,3,16
0,baseline,37,0,259,winter,shop,,97.6,100.0,,,292.86,20000,,,0,0,,,,,
0,baseline,37,1,260,winter,1,False,90.8,0.0,40.6,100.0,272.29,0.0,500,81.24,,2,14,0,0,3,0
0,baseline,37,1,260,winter,2,False,60.0,0.0,0.0,100.0,180.11,0.0,500,0,,0,0,14,140,3,16
0,baseline,37,1,260,winter,shop,,97.6,100.0,,,292.86,20000,,,0,0,,,,,
0,baseline,37,2,261,winter,1,False,90.8,0.0,40.6,100.0,272.29,0.0,500,81.24,,2,14,0,0,3,0
0,baseline,37,2,261,winter,2,False,60.0,0.0,0.0,100.0,180.11,0.0,500,0,,0,0,14,140,3,16
0,baseline,37,2,261,winter,shop,,97.6,100.0,,,292.86,20000,,,0,0,,,,,
0,baseline,37,3,262,winter,1,False,90.8,0.0,40.6,100.0,272.29,0.0,500,81.24,,2,14,0,0,3,0
0,baseline,37,3,262,winter,2,False,60.0,0.0,0.0,100.0,180.11,0.0,500,0,,0,0,14,140,3,16
0,baseline,37,3,262,winter,shop,,97.6,100.0,,,292.86,20000,,,0,0,,,,,
0,baseline,37,4,263,winter,1,False,90.8,0.0,40.6,100.0,272.29,0.0,500,81.24,,2,14,0,0,3,0
0,baseline,37,4,263,winter,2,False,60.0,0.0,0.0,100.0,180.11,0.0,500,0,,0,0,14,140,3,16
0,baseline,37,4,263,winter,shop,,97.6,100.0,,,292.86,20000,,,0,0,,,,,
0,baseline,37,5,264,winter,1,False,90.8,0.0,40.6,100.0,272.29,0.0,500,81.24,,2,14,0,0,3,0
0,baseline,37,5,264,winter,2,False,60.0,0.0,0.0,100.0,180.11,0.0,500,0,,0,0,14,140,3,16
0,baseline,37,5,264,winter,shop,,97.6,100.0,,,292.86,20000,,,0,0,,,,,
0,baseline,37,6,265,winter,1,False,90.8,0.0,40.6,100.0,272.29,0.0,500,81.24,,2,14,0,0,3,0
0,baseline,37,6,265,winter,2,False,60.0,0.0,0.0,100.0,180.11,0.0,500,0,,0,0,14,140,3,16
0,baseline,37,6,265,winter,shop,,97.6,100.0,,,292.86,20000,,,0,0,,,,,
0,baseline,38,0,266,winter,1,False,90.8,0.0,40.6,100.0,272.29,0.0,500,81.24,,2,14,0,0,3,0
0,baseline,38,0,266,winter,2,False,60.0,0.0,0.0,100.0,180.11,0.0,500,0,,0,0,14,140,3,16
0,baseline,38,0,266,winter,shop,,96.6,100.0,,,289.71,20000,,,0,0,,,,,
0,baseline,38,1,267,winter,1,False,90.8,0.0,40.6,100.0,272.29,0.0,500,81.24,,2,14,0,0,3,0
0,baseline,38,1,267,winter,2,False,60.0,0.0,0.0,100.0,180.11,0.0,500,0,,0,0,14,140,3,16
0,baseline,38,1,267,winter,shop,,95.5,100.0,,,286.57,20000,,,0,0,,,,,
0,baseline,38,2,268,winter,1,False,90.8,0.0,40.6,100.0,272.29,0.0,500,81.24,,2,14,0,0,3,0
0,baseline,38,2,268,winter,2,False,60.0,0.0,0.0,100.0,180.11,0.0,500,0,,0,0,14,140,3,16
0,baseline,38,2,268,winter,shop,,94.5,100.0,,,283.43,20000,,,0,0,,,,,
0,baseline,38,3,269,winter,1,False,90.8,0.0,40.6,100.0,272.29,0.0,500,81.24,,2,14,0,0,3,0
0,baseline,38,3,269,winter,2,False,60.0,0.0,0.0,100.0,180.11,0.0,500,0,,0,0,14,140,3,16
0,baseline,38,3,269,winter,shop,,93.4,100.0,,,280.29,20000,,,0,0,,,,,
0,baseline,38,4,270,winter,1,False,90.8,0.0,40.6,100.0,272.29,0.0,500,81.24,,2,14,0,0,3,0
0,baseline,38,4,270,winter,2,False,60.0,0.0,0.0,100.0,180.11,0.0,500,0,,0,0,14,140,3,16
0,baseline,38,4,270,winter,shop,,92.4,100.0,,,277.14,20000,,,0,0,,,,,
0,baseline,38,5,271,winter,1,False,90.8,0.0,40.6,100.0,272.29,0.0,500,81.24,,2,14,0,0,3,0
0,baseline,38,5,271,winter,2,False,60.0,0.0,0.0,100.0,180.11,0.0,500,0,,0,0,14,140,3,16
0,baseline,38,5,271,winter,shop,,91.3,100.0,,,274.0,20000,,,0,0,,,,,
0,baseline,38,6,272,winter,1,False,90.8,0.0,40.6,100.0,272.29,0.0,500,81.24,,2,14,0,0,3,0
0,baseline,38,6,272,winter,2,False,60.0,0.0,0.0,100.0,180.11,0.0,500,0,,0,0,14,140,3,16
0,baseline,38,6,272,winter,shop,,90.3,100.0,,,270.86,20000,,,0,0,,,,,
0,baseline,39,0,273,winter,1,False,90.8,0.0,40.6,100.0,272.29,0.0,500,81.24,,2,14,0,0,3,0
0,baseline,39,0,273,winter,2,False,60.0,0.0,0.0,100.0,180.11,0.0,500,0,,0,0,14,140,3,16
0,baseline,39,0,273,winter,shop,,89.2,100.0,,,267.71,20000,,,0,0,,,,,
0,baseline,39,1,274,winter,1,False,90.8,0.0,40.6,100.0,272.29,0.0,500,81.24,,2,14,0,0,3,0
0,baseline,39,1,274,winter,2,False,60.0,0.0,0.0,100.0,180.11,0.0,500,0,,0,0,14,140,3,16
0,baseline,39,1,274,winter,shop,,88.2,100.0,,,264.57,20000,,,0,0,,,,,
0,baseline,39,2,275,winter,1,False,90.8,0.0,40.6,100.0,272.29,0.0,500,81.24,,2,14,0,0,3,0
0,baseline,39,2,275,winter,2,False,60.0,0.0,0.0,100.0,180.11,0.0,500,0,,0,0,14,140,3,16
0,baseline,39,2,275,winter,shop,,87.1,100.0,,,261.43,20000,,,0,0,,,,,
0,baseline,39,3,276,winter,1,False,90.8,0.0,40.6,100.0,272.29,0.0,500,81.24,,2,14,0,0,3,0
0,baseline,39,3,276,winter,2,False,60.0,0.0,0.0,100.0,180.11,0.0,500,0,,0,0,14,140,3,16
0,baseline,39,3,276,winter,shop,,86.1,100.0,,,258.29,20000,,,0,0,,,,,
0,baseline,39,4,277,winter,1,False,90.8,0.0,40.6,100.0,272.29,0.0,500,81.24,,2,14,0,0,3,0
0,baseline,39,4,277,winter,2,False,60.0,0.0,0.0,100.0,180.11,0.0,500,0,,0,0,14,140,3,16
0,baseline,39,4,277,winter,shop,,85.0,100.0,,,255.14,20000,,,0,0,,,,,
0,baseline,39,5,278,winter,1,False,90.8,0.0,40.6,100.0,272.29,0.0,500,81.24,,2,14,0,0,3,0
0,baseline,39,5,278,winter,2,False,60.0,0.0,0.0,100.0,180.11,0.0,500,0,,0,0,14,140,3,16
0,baseline,39,5,278,winter,shop,,84.0,100.0,,,252.0,20000,,,0,0,,,,,
0,baseline,39,6,279,winter,1,False,90.8,0.0,40.6,100.0,272.29,0.0,500,81.24,,2,14,0,0,3,0
0,baseline,39,6,279,winter,2,False,60.0,0.0,0.0,100.0,180.11,0.0,500,0,,0,0,14,140,3,16
0,baseline,39,6,279,winter,shop,,83.0,100.0,,,248.86,20000,,,0,0,,,,,
0,baseline,40,0,280,winter,1,False,90.8,0.0,40.6,100.0,272.29,0.0,500,81.24,,2,14,0,0,3,0
0,baseline,40,0,280,winter,2,False,60.0,0.0,0.0,100.0,180.11,0.0,500,0,,0,0,14,140,3,16
0,baseline,40,0,280,winter,shop,,85.2,100.0,,,255.71,20000,,,0,0,,,,,
0,baseline,40,1,281,winter,1,False,90.8,0.0,40.6,100.0,272.29,0.0,500,81.24,,2,14,0,0,3,0
0,baseline,40,1,281,winter,2,False,60.0,0.0,0.0,100.0,180.11,0.0,500,0,,0,0,14,140,3,16
0,baseline,40,1,281,winter,shop,,87.5,100.0,,,262.57,20000,,,0,0,,,,,
0,baseline,40,2,282,winter,1,False,90.8,0.0,40.6,100.0,272.29,0.0,500,81.24,,2,14,0,0,3,0
0,baseline,40,2,282,winter,2,False,60.0,0.0,0.0,100.0,180.11,0.0,500,0,,0,0,14,140,3,16
0,baseline,40,2,282,winter,shop,,89.8,100.0,,,269.43,20000,,,0,0,,,,,
0,baseline,40,3,283,winter,1,False,90.8,0.0,40.6,100.0,272.29,0.0,500,81.24,,2,14,0,0,3,0
0,baseline,40,3,283,winter,2,False,60.0,0.0,0.0,100.0,180.11,0.0,500,0,,0,0,14,140,3,16
0,baseline,40,3,283,winter,shop,,92.1,100.0,,,276.29,20000,,,0,0,,,,,
0,baseline,40,4,284,winter,1,False,90.8,0.0,40.6,100.0,272.29,0.0,500,81.24,,2,14,0,0,3,0
0,baseline,40,4,284,winter,2,False,60.0,0.0,0.0,100.0,180.11,0.0,500,0,,0,0,14,140,3,16
0,baseline,40,4,284,winter,shop,,94.4,100.0,,,283.14,20000,,,0,0,,,,,
0,baseline,40,5,285,winter,1,False,90.8,0.0,40.6,100.0,272.29,0.0,500,81.24,,2,14,0,0,3,0
0,baseline,40,5,285,winter,2,False,60.0,0.0,0.0,100.0,180.11,0.0,500,0,,0,0,14,140,3,16
0,baseline,40,5,285,winter,shop,,96.7,100.0,,,290.0,20000,,,0,0,,,,,
0,baseline,40,6,286,winter,1,False,90.8,0.0,40.6,100.0,272.29,0.0,500,81.24,,2,14,0,0,3,0
0,baseline,40,6,286,winter,2,False,60.0,0.0,0.0,100.0,180.11,0.0,500,0,,0,0,14,140,3,16
0,baseline,40,6,286,winter,shop,,97.6,100.0,,,292.86,20000,,,0,0,,,,,
0,baseline,41,0,287,winter,1,False,90.8,0.0,40.6,100.0,272.29,0.0,500,81.24,,2,14,0,0,3,0
0,baseline,41,0,287,winter,2,False,60.0,0.0,0.0,100.0,180.11,0.0,500,0,,0,0,14,140,3,16
0,baseline,41,0,287,winter,shop,,97.6,100.0,,,292.71,20000,,,0,0,,,,,
0,baseline,41,1,288,winter,1,False,90.8,0.0,40.6,100.0,272.29,0.0,500,81.24,,2,14,0,0,3,0
0,baseline,41,1,288,winter,2,False,60.0,0.0,0.0,100.0,180.11,0.0,500,0,,0,0,14,140,3,16
0,baseline,41,1,288,winter,shop,,97.5,100.0,,,292.57,20000,,,0,0,,,,,
0,baseline,41,2,289,winter,1,False,90.8,0.0,40.6,100.0,272.29,0.0,500,81.24,,2,14,0,0,3,0
0,baseline,41,2,289,winter,2,False,60.0,0.0,0.0,100.0,180.11,0.0,500,0,,0,0,14,140,3,16
0,baseline,41,2,289,winter,shop,,97.5,100.0,,,292.43,20000,,,0,0,,,,,
0,baseline,41,3,290,winter,1,False,90.8,0.0,40.6,100.0,272.29,0.0,500,81.24,,2,14,0,0,3,0
0,baseline,41,3,290,winter,2,False,60.0,0.0,0.0,100.0,180.11,0.0,500,0,,0,0,14,140,3,16
0,baseline,41,3,290,winter,shop,,97.4,100.0,,,292.29,20000,,,0,0,,,,,
0,baseline,41,4,291,winter,1,False,90.8,0.0,40.6,100.0,272.29,0.0,500,81.24,,2,14,0,0,3,0
0,baseline,41,4,291,winter,2,False,60.0,0.0,0.0,100.0,180.11,0.0,500,0,,0,0,14,140,3,16
0,baseline,41,4,291,winter,shop,,97.4,100.0,,,292.14,20000,,,0,0,,,,,
0,baseline,41,5,292,winter,1,False,90.8,0.0,40.6,100.0,272.29,0.0,500,81.24,,2,14,0,0,3,0
0,baseline,41,5,292,winter,2,False,60.0,0.0,0.0,100.0,180.11,0.0,500,0,,0,0,14,140,3,16
0,baseline,41,5,292,winter,shop,,97.3,100.0,,,292.0,20000,,,0,0,,,,,
0,baseline,41,6,293,winter,1,False,90.8,0.0,40.6,100.0,272.29,0.0,500,81.24,,2,14,0,0,3,0
0,baseline,41,6,293,winter,2,False,60.0,0.0,0.0,100.0,180.11,0.0,500,0,,0,0,14,140,3,16
0,baseline,41,6,293,winter,shop,,97.3,100.0,,,291.86,20000,,,0,0,,,,,
0,baseline,42,0,294,winter,1,False,90.8,0.0,40.6,100.0,272.29,0.0,500,81.24,,2,14,0,0,3,0
0,baseline,42,0,294,winter,2,False,60.0,0.0,0.0,100.0,180.11,0.0,500,0,,0,0,14,140,3,16
0,baseline,42,0,294,winter,shop,,97.6,100.0,,,292.86,20000,,,0,0,,,,,
0,baseline,42,1,295,winter,1,False,90.8,0.0,40.6,100.0,272.29,0.0,500,81.24,,2,14,0,0,3,0
0,baseline,42,1,295,winter,2,False,60.0,0.0,0.0,100.0,180.11,0.0,500,0,,0,0,14,140,3,16
0,baseline,42,1,295,winter,shop,,97.6,100.0,,,292.86,20000,,,0,0,,,,,
0,baseline,42,2,296,winter,1,False,90.8,0.0,40.6,100.0,272.29,0.0,500,81.24,,2,14,0,0,3,0
0,baseline,42,2,296,winter,2,False,60.0,0.0,0.0,100.0,180.11,0.0,500,0,,0,0,14,140,3,16
0,baseline,42,2,296,winter,shop,,97.6,100.0,,,292.86,20000,,,0,0,,,,,
0,baseline,42,3,297,winter,1,False,90.8,0.0,40.6,100.0,272.29,0.0,500,81.24,,2,14,0,0,3,0
0,baseline,42,3,297,winter,2,False,60.0,0.0,0.0,100.0,180.11,0.0,500,0,,0,0,14,140,3,16
0,baseline,42,3,297,winter,shop,,97.6,100.0,,,292.86,20000,,,0,0,,,,,
0,baseline,42,4,298,winter,1,False,90.8,0.0,40.6,100.0,272.29,0.0,500,81.24,,2,14,0,0,3,0
0,baseline,42,4,298,winter,2,False,60.0,0.0,0.0,100.0,180.11,0.0,500,0,,0,0,14,140,3,16
0,baseline,42,4,298,winter,shop,,97.6,100.0,,,292.86,20000,,,0,0,,,,,
0,baseline,42,5,299,winter,1,False,90.8,0.0,40.6,100.0,272.29,0.0,500,81.24,,2,14,0,0,3,0
0,baseline,42,5,299,winter,2,False,60.0,0.0,0.0,100.0,180.11,0.0,500,0,,0,0,14,140,3,16
0,baseline,42,5,299,winter,shop,,97.6,100.0,,,292.86,20000,,,0,0,,,,,
0,baseline,42,6,300,winter,1,False,90.8,0.0,40.6,100.0,272.29,0.0,500,81.24,,2,14,0,0,3,0
0,baseline,42,6,300,winter,2,False,60.0,0.0,0.0,100.0,180.11,0.0,500,0,,0,0,14,140,3,16
0,baseline,42,6,300,winter,shop,,97.6,100.0,,,292.86,20000,,,0,0,,,,,
0,baseline,43,0,301,winter,1,False,90.8,0.0,40.6,100.0,272.29,0.0,500,81.24,,2,14,0,0,3,0
0,baseline,43,0,301,winter,2,False,60.0,0.0,0.0,100.0,180.11,0.0,500,0,,0,0,14,140,3,16
0,baseline,43,0,301,winter,shop,,96.2,100.0,,,288.71,20000,,,0,0,,,,,
0,baseline,43,1,302,winter,1,False,90.8,0.0,40.6,100.0,272.29,0.0,500,81.24,,2,14,0,0,3,0
0,baseline,43,1,302,winter,2,False,60.0,0.0,0.0,100.0,180.11,0.0,500,0,,0,0,14,140,3,16
0,baseline,43,1,302,winter,shop,,94.9,100.0,,,284.57,20000,,,0,0,,,,,
0,baseline,43,2,303,winter,1,False,90.8,0.0,40.6,100.0,272.29,0.0,500,81.24,,2,14,0,0,3,0
0,baseline,43,2,303,winter,2,False,60.0,0.0,0.0,100.0,180.11,0.0,500,0,,0,0,14,140,3,16
0,baseline,43,2,303,winter,shop,,93.5,100.0,,,280.43,20000,,,0,0,,,,,
0,baseline,43,3,304,winter,1,False,90.8,0.0,40.6,100.0,272.29,0.0,500,81.24,,2,14,0,0,3,0
0,baseline,43,3,304,winter,2,False,60.0,0.0,0.0,100.0,180.11,0.0,500,0,,0,0,14,140,3,16
0,baseline,43,3,304,winter,shop,,92.1,100.0,,,276.29,20000,,,0,0,,,,,
0,baseline,43,4,305,winter,1,False,90.8,0.0,40.6,100.0,272.29,0.0,500,81.24,,2,14,0,0,3,0
0,baseline,43,4,305,winter,2,False,60.0,0.0,0.0,100.0,180.11,0.0,500,0,,0,0,14,140,3,16
0,baseline,43,4,305,winter,shop,,90.7,100.0,,,272.14,20000,,,0,0,,,,,
0,baseline,43,5,306,winter,1,False,90.8,0.0,40.6,100.0,272.29,0.0,500,81.24,,2,14,0,0,3,0
0,baseline,43,5,306,winter,2,False,60.0,0.0,0.0,100.0,180.11,0.0,500,0,,0,0,14,140,3,16
0,baseline,43,5,306,winter,shop,,89.3,100.0,,,268.0,20000,,,0,0,,,,,
0,baseline,43,6,307,winter,1,False,90.8,0.0,40.6,100.0,272.29,0.0,500,81.24,,2,14,0,0,3,0
0,baseline,43,6,307,winter,2,False,60.0,0.0,0.0,100.0,180.11,0.0,500,0,,0,0,14,140,3,16
0,baseline,43,6,307,winter,shop,,88.0,100.0,,,263.86,20000,,,0,0,,,,,
0,baseline,44,0,308,winter,1,False,90.8,0.0,40.6,100.0,272.29,0.0,500,81.24,,2,14,0,0,3,0
0,baseline,44,0,308,winter,2,False,60.0,0.0,0.0,100.0,180.11,0.0,500,0,,0,0,14,140,3,16
0,baseline,44,0,308,winter,shop,,89.6,100.0,,,268.71,20000,,,0,0,,,,,
0,baseline,44,1,309,winter,1,False,90.8,0.0,40.6,100.0,272.29,0.0,500,81.24,,2,14,0,0,3,0
0,baseline,44,1,309,winter,2,False,60.0,0.0,0.0,100.0,180.11,0.0,500,0,,0,0,14,140,3,16
0,baseline,44,1,309,winter,shop,,91.2,100.0,,,273.57,20000,,,0,0,,,,,
0,baseline,44,2,310,winter,1,False,90.8,0.0,40.6,100.0,272.29,0.0,500,81.24,,2,14,0,0,3,0
0,baseline,44,2,310,winter,2,False,60.0,0.0,0.0,100.0,180.11,0.0,500,0,,0,0,14,140,3,16
0,baseline,44,2,310,winter,shop,,92.8,100.0,,,278.43,20000,,,0,0,,,,,
0,baseline,44,3,311,winter,1,False,90.8,0.0,40.6,100.0,272.29,0.0,500,81.24,,2,14,0,0,3,0
0,baseline,44,3,311,winter,2,False,60.0,0.0,0.0,100.0,180.11,0.0,500,0,,0,0,14,140,3,16
0,baseline,44,3,311,winter,shop,,94.4,100.0,,,283.29,20000,,,0,0,,,,,
0,baseline,44,4,312,winter,1,False,90.8,0.0,40.6,100.0,272.29,0.0,500,81.24,,2,14,0,0,3,0
0,baseline,44,4,312,winter,2,False,60.0,0.0,0.0,100.0,180.11,0.0,500,0,,0,0,14,140,3,16
0,baseline,44,4,312,winter,shop,,96.0,100.0,,,288.14,20000,,,0,0,,,,,
0,baseline,44,5,313,winter,1,False,90.8,0.0,40.6,100.0,272.29,0.0,500,81.24,,2,14,0,0,3,0
0,baseline,44,5,313,winter,2,False,60.0,0.0,0.0,100.0,180.11,0.0,500,0,,0,0,14,140,3,16
0,baseline,44,5,313,winter,shop,,97.6,100.0,,,292.86,20000,,,0,0,,,,,
0,baseline,44,6,314,winter,1,False,90.8,0.0,40.6,100.0,272.29,0.0,500,81.24,,2,14,0,0,3,0
0,baseline,44,6,314,winter,2,False,60.0,0.0,0.0,100.0,180.11,0.0,500,0,,0,0,14,140,3,16
0,baseline,44,6,314,winter,shop,,97.6,100.0,,,292.86,20000,,,0,0,,,,,
0,baseline,45,0,315,winter,1,False,90.8,0.0,40.6,100.0,272.29,0.0,500,81.24,,2,14,0,0,3,0
0,baseline,45,0,315,winter,2,False,60.0,0.0,0.0,100.0,180.11,0.0,500,0,,0,0,14,140,3,16
0,baseline,45,0,315,winter,shop,,97.2,100.0,,,291.71,20000,,,0,0,,,,,
0,baseline,45,1,316,winter,1,False,90.8,0.0,40.6,100.0,272.29,0.0,500,81.24,,2,14,0,0,3,0
0,baseline,45,1,316,winter,2,False,60.0,0.0,0.0,100.0,180.11,0.0,500,0,,0,0,14,140,3,16
0,baseline,45,1,316,winter,shop,,96.9,100.0,,,290.57,20000,,,0,0,,,,,
0,baseline,45,2,317,winter,1,False,90.8,0.0,40.6,100.0,272.29,0.0,500,81.24,,2,14,0,0,3,0
0,baseline,45,2,317,winter,2,False,60.0,0.0,0.0,100.0,180.11,0.0,500,0,,0,0,14,140,3,16
0,baseline,45,2,317,winter,shop,,96.5,100.0,,,289.43,20000,,,0,0,,,,,
0,baseline,45,3,318,winter,1,False,90.8,0.0,40.6,100.0,272.29,0.0,500,81.24,,2,14,0,0,3,0
0,baseline,45,3,318,winter,2,False,60.0,0.0,0.0,100.0,180.11,0.0,500,0,,0,0,14,140,3,16
0,baseline,45,3,318,winter,shop,,96.1,100.0,,,288.29,20000,,,0,0,,,,,
0,baseline,45,4,319,winter,1,False,90.8,0.0,40.6,100.0,272.29,0.0,500,81.24,,2,14,0,0,3,0
0,baseline,45,4,319,winter,2,False,60.0,0.0,0.0,100.0,180.11,0.0,500,0,,0,0,14,140,3,16
0,baseline,45,4,319,winter,shop,,95.7,100.0,,,287.14,20000,,,0,0,,,,,
0,baseline,45,5,320,winter,1,False,90.8,0.0,40.6,100.0,272.29,0.0,500,81.24,,2,14,0,0,3,0
0,baseline,45,5,320,winter,2,False,60.0,0.0,0.0,100.0,180.11,0.0,500,0,,0,0,14,140,3,16
0,baseline,45,5,320,winter,shop,,95.3,100.0,,,286.0,20000,,,0,0,,,,,
0,baseline,45,6,321,winter,1,False,90.8,0.0,40.6,100.0,272.29,0.0,500,81.24,,2,14,0,0,3,0
0,baseline,45,6,321,winter,2,False,60.0,0.0,0.0,100.0,180.11,0.0,500,0,,0,0,14,140,3,16
0,baseline,45,6,321,winter,shop,,95.0,100.0,,,284.86,20000,,,0,0,,,,,
0,baseline,46,0,322,winter,1,False,90.8,0.0,40.6,100.0,272.29,0.0,500,81.24,,2,14,0,0,3,0
0,baseline,46,0,322,winter,2,False,60.0,0.0,0.0,100.0,180.11,0.0,500,0,,0,0,14,140,3,16
0,baseline,46,0,322,winter,shop,,97.6,100.0,,,292.86,20000,,,0,0,,,,,
0,baseline,46,1,323,winter,1,False,90.8,0.0,40.6,100.0,272.29,0.0,500,81.24,,2,14,0,0,3,0
0,baseline,46,1,323,winter,2,False,60.0,0.0,0.0,100.0,180.11,0.0,500,0,,0,0,14,140,3,16
0,baseline,46,1,323,winter,shop,,97.6,100.0,,,292.86,20000,,,0,0,,,,,
0,baseline,46,2,324,winter,1,False,90.8,0.0,40.6,100.0,272.29,0.0,500,81.24,,2,14,0,0,3,0
0,baseline,46,2,324,winter,2,False,60.0,0.0,0.0,100.0,180.11,0.0,500,0,,0,0,14,140,3,16
0,baseline,46,2,324,winter,shop,,97.6,100.0,,,292.86,20000,,,0,0,,,,,
0,baseline,46,3,325,winter,1,False,90.8,0.0,40.6,100.0,272.29,0.0,500,81.24,,2,14,0,0,3,0
0,baseline,46,3,325,winter,2,False,60.0,0.0,0.0,100.0,180.11,0.0,500,0,,0,0,14,140,3,16
0,baseline,46,3,325,winter,shop,,97.6,100.0,,,292.86,20000,,,0,0,,,,,
0,baseline,46,4,326,winter,1,False,90.8,0.0,40.6,100.0,272.29,0.0,500,81.24,,2,14,0,0,3,0
0,baseline,46,4,326,winter,2,False,60.0,0.0,0.0,100.0,180.11,0.0,500,0,,0,0,14,140,3,16
0,baseline,46,4,326,winter,shop,,97.6,100.0,,,292.86,20000,,,0,0,,,,,
0,baseline,46,5,327,winter,1,False,90.8,0.0,40.6,100.0,272.29,0.0,500,81.24,,2,14,0,0,3,0
0,baseline,46,5,327,winter,2,False,60.0,0.0,0.0,100.0,180.11,0.0,500,0,,0,0,14,140,3,16
0,baseline,46,5,327,winter,shop,,97.6,100.0,,,292.86,20000,,,0,0,,,,,
0,baseline,46,6,328,winter,1,False,90.8,0.0,40.6,100.0,272.29,0.0,500,81.24,,2,14,0,0,3,0
0,baseline,46,6,328,winter,2,False,60.0,0.0,0.0,100.0,180.11,0.0,500,0,,0,0,14,140,3,16
0,baseline,46,6,328,winter,shop,,97.6,100.0,,,292.86,20000,,,0,0,,,,,
0,baseline,47,0,329,winter,1,False,90.8,0.0,40.6,100.0,272.29,0.0,500,81.24,,2,14,0,0,3,0
0,baseline,47,0,329,winter,2,False,60.0,0.0,0.0,100.0,180.11,0.0,500,0,,0,0,14,140,3,16
0,baseline,47,0,329,winter,shop,,97.6,100.0,,,292.86,20000,,,0,0,,,,,
0,baseline,47,1,330,winter,1,False,90.8,0.0,40.6,100.0,272.29,0.0,500,81.24,,2,14,0,0,3,0
0,baseline,47,1,330,winter,2,False,60.0,0.0,0.0,100.0,180.11,0.0,500,0,,0,0,14,140,3,16
0,baseline,47,1,330,winter,shop,,97.6,100.0,,,292.86,20000,,,0,0,,,,,
0,baseline,47,2,331,winter,1,False,90.8,0.0,40.6,100.0,272.29,0.0,500,81.24,,2,14,0,0,3,0
0,baseline,47,2,331,winter,2,False,60.0,0.0,0.0,100.0,180.11,0.0,500,0,,0,0,14,140,3,16
0,baseline,47,2,331,winter,shop,,97.6,100.0,,,292.86,20000,,,0,0,,,,,
0,baseline,47,3,332,winter,1,False,90.8,0.0,40.6,100.0,272.29,0.0,500,81.24,,2,14,0,0,3,0
0,baseline,47,3,332,winter,2,False,60.0,0.0,0.0,100.0,180.11,0.0,500,0,,0,0,14,140,3,16
0,baseline,47,3,332,winter,shop,,97.6,100.0,,,292.86,20000,,,0,0,,,,,
0,baseline,47,4,333,winter,1,False,90.8,0.0,40.6,100.0,272.29,0.0,500,81.24,,2,14,0,0,3,0
0,baseline,47,4,333,winter,2,False,60.0,0.0,0.0,100.0,180.11,0.0,500,0,,0,0,14,140,3,16
0,baseline,47,4,333,winter,shop,,97.6,100.0,,,292.86,20000,,,0,0,,,,,
0,baseline,47,5,334,winter,1,False,90.8,0.0,40.6,100.0,272.29,0.0,500,81.24,,2,14,0,0,3,0
0,baseline,47,5,334,winter,2,False,60.0,0.0,0.0,100.0,180.11,0.0,500,0,,0,0,14,140,3,16
0,baseline,47,5,334,winter,shop,,97.6,100.0,,,292.86,20000,,,0,0,,,,,
0,baseline,47,6,335,winter,1,False,90.8,0.0,40.6,100.0,272.29,0.0,500,81.24,,2,14,0,0,3,0
0,baseline,47,6,335,winter,2,False,60.0,0.0,0.0,100.0,180.11,0.0,500,0,,0,0,14,140,3,16
0,baseline,47,6,335,winter,shop,,97.6,100.0,,,292.86,20000,,,0,0,,,,,
